rank,borough_rank,school_name,borough,school_urn,age_range,eligible_pupils,total_pupils,fsm_percent,religious_denomination,is_faith_school,non_faith_rank,fte_all_teachers,pupils_per_teacher,anomalous_low_ptr,composite_score,expected_rwm,higher_rwm,reading_score,maths_score,gps_score,mean_scaled_score,postcode,latitude,longitude,terrace_sales_count_2y_0_5mi,terrace_avg_price_2y_0_5mi,terrace_median_price_2y_0_5mi,full_address
1,1,Southfield Primary School,Ealing,101890,4 to 11,33,377.0,33.0,Does not apply,False,1,16.0,23.5625,False,99.29004854368932,100.0,39.0,113.0,115.0,115.0,114.33333333333333,W4 1BD,51.50133,-0.256702,150,1237658,1152500,"Southfield Road, Bedford Park, London, W4 1BD"
2,1,Addison Primary School,Hammersmith and Fulham,100321,3 to 11,28,200.0,46.0,Does not apply,False,2,9.15,21.85792349726776,False,99.18082524271846,93.0,39.0,115.0,115.0,116.0,115.33333333333333,W14 0DT,51.500295,-0.218329,115,2022300,1750000,"Addison Gardens, Blythe Road, London, W14 0DT"
3,1,Yardley Primary School,Waltham Forest,136364,3 to 11,59,521.0,14.0,Does not apply,False,3,20.85,24.988009592326136,False,99.14441747572815,97.0,37.0,113.0,114.0,116.0,114.33333333333333,E4 7PH,51.640667,-0.006449,31,527035,525000,"Hawkwood Crescent, London, E4 7PH"
4,1,Park Academy,Merton,141027,4 to 11,16,127.0,38.0,None,False,4,7.68,16.536458333333336,False,99.05339805825243,94.0,44.0,114.0,113.0,115.0,114.0,SW19 3EF,51.408695,-0.194197,72,897934,907500,"200 Dorset Road, London, SW19 3EF"
5,1,Barnes Primary School,Richmond upon Thames,102902,3 to 11,51,468.0,6.0,Does not apply,False,5,23.69,19.755170958210215,False,98.88956310679612,96.0,39.0,114.0,112.0,116.0,114.0,SW13 0QQ,51.469444,-0.250185,206,1269457,1150000,"Cross Street, Barnes, London, SW13 0QQ"
6,2,Good Shepherd RC Primary School,Hammersmith and Fulham,100354,3 to 11,27,227.0,26.0,Roman Catholic,True,,9.4,24.148936170212764,False,98.7621359223301,100.0,41.0,114.0,112.0,114.0,113.33333333333333,W12 9BY,51.502829,-0.245622,148,1166192,1105000,"35 Gayford Road, London, W12 9BY"
7,1,St James & St John Church of England Primary School,Westminster,101132,3 to 11,22,174.0,23.0,Church of England,True,,9.0,19.333333333333332,False,98.58009708737863,95.0,32.0,114.0,116.0,115.0,115.0,W2 3QD,51.51295,-0.17924,48,2944348,2325000,"4 Craven Terrace, London, W2 3QD"
8,1,Our Lady of Lourdes RC Primary School,Redbridge,147337,3 to 11,52,448.0,13.0,Roman Catholic,True,,19.3,23.212435233160623,False,98.42233009708738,94.0,38.0,113.0,112.0,115.0,113.33333333333333,E11 2TA,51.574659,0.02055,72,907273,899500,"Chestnut Drive, Wanstead, London, E11 2TA"
9,2,Deer Park School,Richmond upon Thames,142012,4 to 11,30,389.0,3.0,None,False,6,17.6,22.102272727272727,False,98.41019417475728,97.0,33.0,114.0,113.0,114.0,113.66666666666667,TW1 2EF,51.456121,-0.30994,72,1553617,1317500,"389 Richmond Road, Twickenham, TW1 2EF"
10,1,St Stephen's Catholic Primary School,Bexley,101455,5 to 11,60,418.0,12.0,Roman Catholic,True,,19.51,21.42491030240902,False,98.27063106796116,93.0,45.0,112.0,113.0,114.0,113.0,DA16 3QG,51.464153,0.104048,52,458649,470000,"Ruskin Avenue, Welling, DA16 3QG"
11,3,St Richard Reynolds Catholic Primary School,Richmond upon Thames,149298,4 to 11,30,210.0,3.0,Roman Catholic,True,,11.76,17.857142857142858,False,97.89441747572816,90.0,40.0,114.0,112.0,115.0,113.66666666666667,TW1 4LT,51.447912,-0.335155,154,853375,792500,"Clifden Road, Twickenham, London, TW1 4LT"
12,1,St Michael and St Martin Catholic Primary School,Hounslow,102531,3 to 11,59,478.0,8.0,Roman Catholic,True,,18.8,25.425531914893615,False,97.84587378640776,93.0,32.0,112.0,113.0,116.0,113.66666666666667,TW4 7AG,51.467061,-0.379119,57,442909,445000,"Belgrave Road, Hounslow, TW4 7AG"
13,2,Merton Park Primary School,Merton,102639,3 to 11,27,228.0,4.0,Does not apply,False,7,10.38,21.965317919075144,False,97.56674757281554,93.0,33.0,112.0,112.0,115.0,113.0,SW19 3HQ,51.409739,-0.201303,106,969839,956500,"Church Lane, Merton Park, London, SW19 3HQ"
14,1,Lift Trinity,Haringey,138589,3 to 11,54,463.0,28.0,None,False,8,19.49,23.755772190867113,False,97.5,98.0,35.0,111.0,113.0,114.0,112.66666666666667,N22 8ES,51.600389,-0.113466,92,685660,631000,"Bounds Green Road, Wood Green, London, N22 8ES"
15,2,Gordon Primary School,Redbridge,102808,3 to 11,34,397.0,56.0,Does not apply,False,9,14.0,28.357142857142858,False,97.4635922330097,94.0,36.0,113.0,114.0,112.0,113.0,IG1 1SU,51.555978,0.087481,166,449960,450000,"Gordon Primary School, Golfe Road, Ilford, IG1 1SU"
16,3,St Stephen's CofE Primary School,Hammersmith and Fulham,100353,3 to 11,57,440.0,16.0,Church of England,True,,19.33,22.76254526642525,False,97.4514563106796,91.0,44.0,114.0,111.0,114.0,113.0,W12 8LH,51.50557,-0.227576,118,1340773,1300000,"Uxbridge Road, London, W12 8LH"
17,1,Saint Francis of Assisi Catholic Primary School,Kensington and Chelsea,100494,3 to 11,20,179.0,50.0,Roman Catholic,True,,11.29,15.854738706820196,False,97.43932038834951,90.0,30.0,114.0,114.0,116.0,114.66666666666667,W11 4BJ,51.512216,-0.216913,85,3318558,2100000,"Treadgold Street, Notting Hill, London, W11 4BJ"
18,1,Westbourne Primary School,Sutton,136796,3 to 11,89,656.0,16.0,Does not apply,False,10,31.61,20.752926289149006,False,97.39077669902912,90.0,53.0,111.0,115.0,115.0,113.66666666666667,SM1 2NT,51.373038,-0.204695,121,513374,520000,"Anton Crescent, Collingwood Road, Sutton, SM1 2NT"
19,2,Thomas Jones Primary School,Kensington and Chelsea,100488,3 to 11,30,234.0,53.0,Does not apply,False,11,11.51,20.330147697654215,False,97.20873786407766,93.0,27.0,113.0,113.0,116.0,114.0,W11 1RQ,51.514913,-0.210365,99,3924624,2700000,"St Mark's Road, London, W11 1RQ"
20,2,Cheam Common Junior Academy,Sutton,142398,7 to 11,126,510.0,10.0,Does not apply,False,12,19.2,26.5625,False,97.04490291262135,90.0,36.0,112.0,114.0,113.0,113.0,KT4 8UT,51.374523,-0.237368,119,529481,520000,"Kingsmead Avenue, Worcester Park, KT4 8UT"
21,2,St Clement Danes CofE Primary School,Westminster,101127,4 to 11,24,192.0,25.0,Church of England,True,,10.6,18.11320754716981,False,97.02669902912622,100.0,25.0,112.0,114.0,116.0,114.0,WC2B 5SU,51.513666,-0.119732,4,4074410,3785000,"118 Drury Lane, Covent Garden, LONDON, WC2B 5SU"
22,3,St Elphege's RC Junior School,Sutton,102996,7 to 11,95,382.0,22.0,Roman Catholic,True,,17.28,22.10648148148148,False,96.86286407766991,92.0,39.0,111.0,112.0,114.0,112.33333333333333,SM6 9HY,51.356136,-0.127927,36,443806,435000,"Mollison Drive, Roundshaw, Wallington, SM6 9HY"
23,1,Our Lady of Victories Catholic Primary School,Wandsworth,101037,4 to 11,28,183.0,7.0,Roman Catholic,True,,9.29,19.69860064585576,False,96.8264563106796,96.0,29.0,114.0,111.0,114.0,113.0,SW15 1AW,51.463805,-0.223206,123,1314508,1300000,"1 Clarendon Drive, London, SW15 1AW"
24,3,Fox Primary School,Kensington and Chelsea,100482,4 to 11,57,415.0,12.0,Does not apply,False,13,23.9,17.364016736401673,False,96.80218446601941,91.0,42.0,111.0,112.0,114.0,112.33333333333333,W8 7PP,51.507491,-0.196678,98,4455792,3112500,"Fox Primary School , Kensington Place, London, W8 7PP"
25,1,Southwold Primary School,Hackney,100242,3 to 11,47,360.0,51.0,Does not apply,False,14,18.6,19.354838709677416,False,96.53519417475728,91.0,32.0,113.0,111.0,114.0,112.66666666666667,E5 9NL,51.56344,-0.053603,65,1185246,1160000,"Detmold Road, Clapton, Hackney, E5 9NL"
26,1,St Antony's Catholic Primary School,Newham,148025,2 to 11,58,435.0,45.0,Roman Catholic,True,,16.0,27.1875,False,96.22572815533981,97.0,36.0,111.0,112.0,112.0,111.66666666666667,E7 9PN,51.540673,0.024366,148,544963,536000,"Upton Avenue, Forest Gate, London, E7 9PN"
27,1,St Andrew's Catholic Primary School,Lambeth,100632,4 to 11,52,397.0,19.0,Roman Catholic,True,,17.6,22.55681818181818,False,96.15291262135922,92.0,23.0,113.0,114.0,117.0,114.66666666666667,SW16 2ET,51.424321,-0.125788,97,798486,780000,"Polworth Road, Streatham, London, SW16 2ET"
28,2,Sheringdale Primary School,Wandsworth,101026,3 to 11,43,425.0,12.0,Does not apply,False,15,17.56,24.202733485193622,False,96.07402912621359,95.0,51.0,112.0,112.0,111.0,111.66666666666667,SW18 5TR,51.446915,-0.203642,209,1195076,1250000,"Standen Road, Southfields, Wandsworth, London, SW18 5TR"
29,1,Deansbrook Junior School,Barnet,139489,7 to 11,62,258.0,37.0,Does not apply,False,16,12.8,20.15625,False,95.99514563106796,95.0,34.0,111.0,111.0,113.0,111.66666666666667,NW7 3ED,51.612646,-0.26203,69,464546,450000,"Hale Drive, Mill Hill, London, NW7 3ED"
30,3,Churchfields Junior School,Redbridge,133935,7 to 11,120,479.0,13.0,Does not apply,False,17,23.2,20.646551724137932,False,95.8373786407767,91.0,38.0,112.0,111.0,112.0,111.66666666666667,E18 2RB,51.598288,0.027027,121,710379,710000,"Churchfields, South Woodford, Redbridge, London, E18 2RB"
31,4,Manor Park Primary Academy,Sutton,145484,2 to 11,95,694.0,20.0,Does not apply,False,18,29.2,23.767123287671232,False,95.40655339805826,87.0,31.0,112.0,112.0,114.0,112.66666666666667,SM1 4AW,51.364064,-0.187765,106,461047,455000,"Greyhound Road, Sutton, SM1 4AW"
32,3,Hampden Gurney CofE Primary School,Westminster,101123,3 to 11,26,227.0,12.0,Church of England,True,,12.4,18.306451612903224,False,95.38228155339806,100.0,19.0,114.0,117.0,117.0,116.0,W1H 5HA,51.516787,-0.164054,65,2286191,1850000,"13 Nutford Place, London, W1H 5HA"
33,2,St Mary's CofE Primary School,Waltham Forest,144238,5 to 11,77,578.0,19.0,Church of England,True,,29.4,19.65986394557823,False,95.31553398058253,96.0,36.0,111.0,113.0,111.0,111.66666666666667,E17 9HJ,51.583437,-0.003151,183,781023,760000,"Brooke Road, Walthamstow, London, E17 9HJ"
34,4,Marshgate Primary School,Richmond upon Thames,133728,4 to 11,59,416.0,10.0,Does not apply,False,19,17.37,23.949337938975244,False,95.19417475728156,88.0,37.0,111.0,111.0,114.0,112.0,TW10 6HY,51.46141,-0.290225,116,1123699,977500,"157 Queens Road, Richmond, TW10 6HY"
35,2,Courtland School,Barnet,101271,4 to 11,29,207.0,21.0,Does not apply,False,20,9.26,22.354211663066955,False,95.16990291262137,97.0,21.0,112.0,112.0,116.0,113.33333333333333,NW7 3BG,51.627239,-0.252876,4,784375,783750,"Courtland Avenue, Mill Hill, London, NW7 3BG"
36,1,"Christ Church Primary School, Hampstead",Camden,100028,4 to 11,25,191.0,16.0,Church of England,True,,11.4,16.75438596491228,False,95.14563106796116,88.0,56.0,111.0,111.0,113.0,111.66666666666667,NW3 1JH,51.559257,-0.176597,44,3095028,2772500,"Christ Church Hill, London, NW3 1JH"
37,5,The Vineyard School,Richmond upon Thames,102906,4 to 11,88,575.0,9.0,Does not apply,False,21,30.0,19.166666666666668,False,94.7997572815534,86.0,30.0,112.0,113.0,113.0,112.66666666666667,TW10 6NE,51.454291,-0.298464,89,1394359,1000000,"Friars Stile Road, Richmond, TW10 6NE"
38,2,Tollgate Primary School,Newham,143881,3 to 11,54,412.0,54.0,Does not apply,False,22,26.4,15.606060606060607,False,94.64199029126213,91.0,37.0,112.0,111.0,111.0,111.33333333333333,E13 8SA,51.519729,0.0337,168,417805,414000,"Barclay Road, Plaistow, London, E13 8SA"
39,1,St Joseph's Catholic Primary School,Islington,100441,2 to 11,56,510.0,30.0,Roman Catholic,True,,22.0,23.181818181818183,False,94.64199029126213,89.0,29.0,111.0,112.0,113.0,112.0,N19 5NE,51.567449,-0.138767,81,1343741,1265000,"Highgate Hill, Highgate, Dartmouth Park Hill, London, N19 5NE"
40,1,Our Lady of Grace Catholic Primary School,Greenwich,100168,4 to 11,60,417.0,30.0,Roman Catholic,True,,16.8,24.82142857142857,False,94.63592233009709,87.0,45.0,111.0,112.0,112.0,111.66666666666667,SE7 7HR,51.48143,0.028408,134,702581,674000,"16 Highcombe, Charlton, London, SE7 7HR"
41,4,Essendine Primary School,Westminster,101111,3 to 11,43,262.0,51.0,Does not apply,False,23,14.0,18.714285714285715,False,94.32038834951456,84.0,37.0,111.0,112.0,114.0,112.33333333333333,W9 2LR,51.528059,-0.195058,59,1375513,1050000,"Essendine Road, London, W9 2LR"
42,3,Elmhurst Primary School,Newham,145362,3 to 11,110,988.0,36.0,Does not apply,False,24,52.68,18.754745634016704,False,94.23543689320388,92.0,27.0,110.0,113.0,114.0,112.33333333333333,E7 8JY,51.539978,0.031272,185,493615,500000,"Upton Park Road, Forest Gate, London, E7 8JY"
43,3,"St Andrew's CofE Voluntary Aided Primary School, Totteridge",Barnet,101327,4 to 11,28,195.0,14.0,Church of England,True,,9.2,21.195652173913047,False,94.1990291262136,93.0,25.0,113.0,113.0,111.0,112.33333333333333,N20 8NX,51.629911,-0.196421,2,1375000,1375000,"The Green, Totteridge, London, N20 8NX"
44,4,Rosetta Primary School,Newham,145087,4 to 11,74,559.0,53.0,Does not apply,False,25,35.2,15.880681818181817,False,94.07766990291262,91.0,26.0,112.0,110.0,114.0,112.0,E16 3PB,51.515424,0.027311,119,420922,425000,"Sophia Road, Custom House, London, E16 3PB"
45,6,Archdeacon Cambridge's Church of England Primary School,Richmond upon Thames,102920,3 to 11,58,443.0,2.0,Church of England,True,,18.12,24.44812362030905,False,94.04733009708738,84.0,33.0,113.0,111.0,113.0,112.33333333333333,TW2 5TU,51.443826,-0.340614,174,806008,771250,"The Green, Twickenham, TW2 5TU"
46,2,Rhodes Avenue Primary School,Haringey,102128,3 to 11,91,688.0,5.0,Does not apply,False,26,28.3,24.31095406360424,False,93.9381067961165,92.0,30.0,112.0,111.0,111.0,111.33333333333333,N22 7UT,51.600756,-0.137016,90,1337019,1290000,"Rhodes Avenue, London, N22 7UT"
47,4,Brunswick Park Primary and Nursery School,Barnet,101264,3 to 11,59,447.0,20.0,Does not apply,False,27,22.3,20.044843049327355,False,93.93203883495146,93.0,36.0,110.0,111.0,112.0,111.0,N14 5DU,51.630876,-0.147558,71,647558,620000,"Osidge Lane, Southgate, London, N14 5DU"
48,4,St Joseph's Catholic Primary School,Kensington and Chelsea,148438,3 to 11,29,226.0,14.0,Roman Catholic,True,,13.51,16.72834937083642,False,93.91383495145631,93.0,28.0,112.0,110.0,112.0,111.33333333333333,SW3 2QT,51.492843,-0.161991,166,3987451,3453750,"Cadogan Street, London, SW3 2QT"
49,4,St Peter's Primary School,Hammersmith and Fulham,100352,4 to 11,30,209.0,30.0,Church of England,True,,8.6,24.30232558139535,False,93.80461165048544,90.0,40.0,111.0,111.0,111.0,111.0,W6 9BA,51.492048,-0.240936,81,1561067,1360000,"33 St Peter's Road, Hammersmith, London, W6 9BA"
50,1,Crofton Junior School,Bromley,137683,7 to 11,176,715.0,12.0,None,False,28,37.34,19.148366363149435,False,93.62257281553397,91.0,37.0,112.0,110.0,111.0,111.0,BR5 1EL,51.384132,0.077451,31,513374,490000,"Towncourt Lane, Orpington, BR5 1EL"
51,5,John Betts Primary School,Hammersmith and Fulham,100346,5 to 11,28,202.0,25.0,None,False,29,11.8,17.11864406779661,False,93.62257281553397,100.0,36.0,111.0,110.0,111.0,110.66666666666667,W6 0UA,51.498552,-0.237502,162,1384352,1360000,"Paddenswick Road, London, W6 0UA"
52,4,Aldersbrook Primary School,Redbridge,102823,3 to 11,86,664.0,12.0,Does not apply,False,30,35.74,18.578623391158366,False,93.51941747572816,90.0,22.0,112.0,113.0,112.0,112.33333333333333,E12 5HL,51.564393,0.037005,41,825359,920000,"Harpenden Road, Wanstead, London, E12 5HL"
53,1,Merryhills Primary School,Enfield,150114,4 to 11,89,621.0,8.0,Does not apply,False,31,28.8,21.5625,False,93.5133495145631,90.0,30.0,111.0,110.0,113.0,111.33333333333333,EN2 7RE,51.651735,-0.108428,25,696948,572500,"Bincote Road, Enfield, EN2 7RE"
54,7,The King's Church of England Primary School,Richmond upon Thames,102921,4 to 11,43,394.0,9.0,Church of England,True,,17.8,22.134831460674157,False,93.39199029126213,88.0,42.0,111.0,110.0,112.0,111.0,TW9 3HJ,51.480207,-0.286037,42,1110704,1103150,"Cumberland Road, Kew, Richmond, TW9 3HJ"
55,2,Hampstead Parochial Church of England Primary School,Camden,100031,4 to 11,26,199.0,19.0,Church of England,True,,8.9,22.359550561797754,False,93.35558252427184,85.0,42.0,111.0,111.0,112.0,111.33333333333333,NW3 6TX,51.556444,-0.179003,46,3005027,2705000,"Hampstead Parochial School , Holly Bush Vale, Hampstead, London, NW3 6TX"
56,1,Regina Coeli Catholic Primary School,Croydon,101800,4 to 11,55,382.0,27.0,Roman Catholic,True,,17.35,22.017291066282418,False,93.3373786407767,84.0,29.0,112.0,113.0,112.0,112.33333333333333,CR2 6DF,51.355893,-0.106091,85,402510,403000,"173 Pampisford Road, South Croydon, CR2 6DF"
57,5,Monkfrith Primary School,Barnet,101293,5 to 11,59,415.0,8.0,Does not apply,False,32,19.31,21.491455204557226,False,93.25849514563107,88.0,25.0,111.0,111.0,114.0,112.0,N14 5NG,51.636764,-0.146307,48,656177,620000,"Knoll Drive, London, N14 5NG"
58,3,Lift Noel Park,Haringey,138588,3 to 11,53,621.0,38.0,None,False,33,24.2,25.66115702479339,False,93.13106796116504,92.0,26.0,112.0,111.0,111.0,111.33333333333333,N22 6LH,51.596048,-0.101951,228,627006,625000,"Gladstone Avenue, Wood Green, London, N22 6LH"
59,5,Vicarage Primary School,Newham,145366,3 to 11,118,876.0,49.0,Does not apply,False,34,37.8,23.174603174603178,False,93.11286407766991,88.0,25.0,110.0,114.0,115.0,113.0,E6 6AD,51.526811,0.060744,141,424106,420000,"Vicarage Lane, East Ham, London, E6 6AD"
60,2,Iqra Primary School,Lambeth,135614,3 to 11,29,244.0,38.0,Muslim,True,,11.8,20.677966101694913,False,93.1128640776699,97.0,21.0,110.0,114.0,114.0,112.66666666666667,SW4 9PA,51.455243,-0.130021,163,1156848,980000,"127 Park Hill, Off Clarence Avenue, Clapham, London, SW4 9PA"
61,1,Deanesfield Primary School,Hillingdon,102377,3 to 11,89,676.0,17.0,Does not apply,False,35,29.47,22.938581608415337,False,93.10679611650485,87.0,27.0,112.0,111.0,112.0,111.66666666666667,HA4 0LR,51.55933,-0.3907,65,551415,550000,"Queens Walk, Ruislip, HA4 0LR"
62,6,St Stephen's Primary School,Newham,102748,4 to 11,90,623.0,44.0,Does not apply,False,36,31.6,19.71518987341772,False,93.04611650485437,89.0,31.0,110.0,111.0,113.0,111.33333333333333,E6 1AS,51.537641,0.037916,186,475358,484750,"Whitfield Road, London, E6 1AS"
63,1,Judith Kerr Primary School,Southwark,139907,3 to 11,44,407.0,5.0,None,False,37,20.2,20.14851485148515,False,93.04004854368931,86.0,27.0,113.0,111.0,112.0,112.0,SE24 9JE,51.452732,-0.093061,82,1326619,1305250,"62-68 Half Moon Lane, Herne Hill, London, SE24 9JE"
64,1,East Lane Primary School,Brent,144794,4 to 11,86,628.0,16.0,None,False,38,45.0,13.955555555555556,True,92.97330097087378,88.0,28.0,111.0,110.0,114.0,111.66666666666667,HA0 3NT,51.563361,-0.307742,30,550022,550000,"East Lane, Wembley, HA0 3NT"
65,2,St James' Roman Catholic Primary School,Bromley,137958,5 to 11,32,218.0,9.0,Roman Catholic,True,,8.6,25.348837209302328,False,92.9004854368932,94.0,31.0,110.0,112.0,111.0,111.0,BR5 1BL,51.389382,0.066348,16,539031,515000,"Maybury Close, Petts Wood, Orpington, BR5 1BL"
66,4,Eden Primary,Haringey,136808,4 to 11,29,205.0,0.0,Jewish,True,,10.5,19.523809523809526,False,92.87621359223301,93.0,21.0,112.0,111.0,112.0,111.66666666666667,N10 1NR,51.595121,-0.152594,90,1351649,1347500,"79 Creighton Avenue, Muswell Hill, London, N10 1NR"
67,3,Willow Brook Primary School Academy,Waltham Forest,138364,3 to 11,87,664.0,36.0,Does not apply,False,39,33.4,19.880239520958085,False,92.77912621359224,89.0,31.0,111.0,110.0,112.0,111.0,E10 7BH,51.565052,-0.020376,164,625202,622500,"190 Church Road, Leyton, London, E10 7BH"
68,6,West London Free School Primary,Hammersmith and Fulham,139546,4 to 11,59,416.0,24.0,None,False,40,20.64,20.155038759689923,False,92.71237864077669,92.0,36.0,110.0,110.0,112.0,110.66666666666667,W6 0LB,51.494763,-0.230704,119,1593643,1499950,"Cambridge Grove, London, W6 0LB"
69,1,"Newton Farm Nursery, Infant and Junior School",Harrow,102181,3 to 11,58,453.0,14.0,Does not apply,False,41,21.2,21.367924528301888,False,92.61529126213593,83.0,28.0,111.0,112.0,114.0,112.33333333333333,HA2 9JU,51.56922,-0.37494,97,550354,541000,"Ravenswood Crescent, South Harrow, Harrow, HA2 9JU"
70,2,Beaumont Primary School,Croydon,101756,4 to 11,29,212.0,14.0,Does not apply,False,42,12.08,17.549668874172184,False,92.59708737864078,90.0,34.0,112.0,109.0,112.0,111.0,CR8 4DN,51.325833,-0.12029,24,459352,422500,"Old Lodge Lane, Purley, CR8 4DN"
71,1,Scotts Primary School,Havering,102316,4 to 11,60,420.0,10.0,Does not apply,False,43,17.3,24.277456647398843,False,92.4878640776699,90.0,32.0,110.0,110.0,113.0,111.0,RM12 6TH,51.544418,0.21286,65,429877,435000,"Bonington Road, Hornchurch, RM12 6TH"
72,2,Belmont Primary School,Hounslow,102470,3 to 11,56,451.0,21.0,Does not apply,False,44,18.55,24.31266846361186,False,92.4878640776699,84.0,29.0,112.0,111.0,112.0,111.66666666666667,W4 5UL,51.492916,-0.263606,132,1324659,1265250,"Belmont Road, Chiswick, London, W4 5UL"
73,2,Enfield Heights Academy,Enfield,138381,4 to 11,27,199.0,48.0,None,False,45,10.8,18.425925925925924,False,92.3483009708738,93.0,22.0,110.0,112.0,113.0,111.66666666666667,EN3 5BY,51.663257,-0.045468,140,431832,425000,"Pitfield Way, Enfield Highway, Enfield, EN3 5BY"
74,3,Harris Primary Academy Beckenham Green,Bromley,144287,4 to 11,31,210.0,26.0,Does not apply,False,46,7.63,27.522935779816514,False,92.2633495145631,97.0,16.0,113.0,113.0,113.0,113.0,BR3 5JG,51.40883,-0.024213,61,668969,680000,"St George's Road, Beckenham, BR3 5JG"
75,6,Monken Hadley CofE Primary School,Barnet,101318,4 to 11,24,149.0,0.0,Church of England,True,,7.49,19.893190921228303,False,92.05703883495146,88.0,25.0,110.0,112.0,113.0,111.66666666666667,EN4 0NJ,51.663454,-0.187788,1,715000,715000,"Camlet Way, Monken Hadley, Barnet, EN4 0NJ"
76,2,Holy Family Catholic Primary School,Ealing,137569,3 to 11,60,453.0,18.0,Roman Catholic,True,,20.0,22.65,False,92.0266990291262,80.0,33.0,111.0,112.0,114.0,112.33333333333333,W3 0DY,51.52098,-0.282978,16,856512,856845,"Vale Lane, Acton, London, W3 0DY"
77,7,Ravenscroft Primary School,Newham,144140,3 to 11,82,514.0,55.0,Does not apply,False,47,29.4,17.482993197278912,False,92.00849514563106,88.0,30.0,112.0,109.0,113.0,111.33333333333333,E16 4BD,51.519794,0.022676,140,430320,422500,"Carson Road, London, E16 4BD"
78,5,St Peter's Eaton Square CofE Primary School,Westminster,101140,4 to 11,22,161.0,36.0,Church of England,True,,11.41,14.110429447852761,True,91.83252427184466,91.0,32.0,111.0,109.0,112.0,110.66666666666667,SW1W 0NL,51.496015,-0.146391,97,4358908,3300000,"Lower Belgrave Street, London, SW1W 0NL"
79,5,Cleveland Road Primary School,Redbridge,102798,3 to 11,115,903.0,29.0,Does not apply,False,48,26.9,33.56877323420075,False,91.66262135922331,87.0,25.0,110.0,112.0,113.0,111.66666666666667,IG1 1EW,51.554657,0.074755,160,441222,435000,"Cleveland Road, Ilford, IG1 1EW"
80,7,Akiva School,Barnet,135086,4 to 11,58,420.0,0.0,Jewish,True,,19.36,21.694214876033058,False,91.6383495145631,86.0,31.0,111.0,111.0,111.0,111.0,N3 2SY,51.59528,-0.189333,37,774095,785000,"80 East End Road, London, N3 2SY"
81,2,Wingfield Primary School,Greenwich,148615,3 to 11,59,646.0,27.0,Does not apply,False,49,29.62,21.809588116137743,False,91.52305825242718,85.0,34.0,110.0,111.0,112.0,111.0,SE3 9GJ,51.461191,0.022444,84,779618,800000,"Ensign Street, London, SE3 9GJ"
82,8,Menorah Primary School for Boys,Barnet,150274,3 to 11,23,209.0,0.0,Jewish,True,,14.33,14.584787159804605,True,91.30461165048544,91.0,30.0,111.0,111.0,110.0,110.66666666666667,NW11 9SP,51.574481,-0.2069,31,806290,790000,"The Wohl Campus, 1 - 3 the Drive, Golders Green, London, NW11 9SP"
83,2,Ark Franklin Primary Academy,Brent,139830,3 to 11,84,665.0,30.0,None,False,50,32.4,20.524691358024693,False,91.27427184466019,96.0,35.0,112.0,111.0,109.0,110.66666666666667,NW6 6HJ,51.532658,-0.215883,173,1498188,1250000,"Harvist Road, London, NW6 6HJ"
84,8,Scott Wilkie Primary School,Newham,145365,3 to 11,34,390.0,76.0,Does not apply,False,51,22.3,17.48878923766816,False,91.2621359223301,85.0,26.0,110.0,112.0,113.0,111.66666666666667,E16 3HD,51.512127,0.037469,76,417187,419000,"Hoskins Close, London, E16 3HD"
85,2,The Cathedral School of St Saviour and St Mary Overie,Southwark,100840,3 to 11,29,219.0,45.0,Church of England,True,,13.2,16.590909090909093,False,91.0133495145631,93.0,41.0,109.0,111.0,111.0,110.33333333333333,SE1 1HG,51.502909,-0.094022,12,1316625,927500,"Redcross Way, Southwark, LONDON, SE1 1HG"
86,1,Rush Green Primary School,Barking and Dagenham,101212,3 to 11,108,823.0,27.0,Does not apply,False,52,38.8,21.211340206185568,False,90.88592233009709,89.0,22.0,110.0,111.0,113.0,111.33333333333333,RM7 0RL,51.5651591,0.1760645,89,446487,450000,"Dagenham Road, Rush Green, Romford, RM7 0RL"
87,4,La Fontaine Academy,Bromley,140999,4 to 11,59,451.0,10.0,None,False,53,21.8,20.68807339449541,False,90.84344660194175,92.0,24.0,111.0,110.0,111.0,110.66666666666667,BR1 2SQ,51.402514,0.031729,89,538497,525000,"Nightingale Lane, Bickley, Bromley, BR1 2SQ"
88,8,St Mary's and St Peter's Church of England Primary School,Richmond upon Thames,102917,4 to 11,90,625.0,8.0,Church of England,True,,27.8,22.48201438848921,False,90.72815533980582,83.0,32.0,111.0,110.0,112.0,111.0,TW11 8RX,51.429562,-0.339822,171,910429,890000,"Somerset Road, Teddington, TW11 8RX"
89,2,Gillespie Primary School,Islington,100405,3 to 11,27,208.0,15.0,Does not apply,False,54,11.0,18.90909090909091,False,90.69174757281553,89.0,26.0,112.0,111.0,110.0,111.0,N5 1LH,51.559721,-0.100996,93,1550506,1550000,"Gillespie Road, London, N5 1LH"
90,3,Grove Park Primary School,Hounslow,102485,3 to 11,60,433.0,23.0,Does not apply,False,55,19.6,22.091836734693874,False,90.6735436893204,93.0,20.0,111.0,110.0,112.0,111.0,W4 3JN,51.484743,-0.27217,62,1170678,1089000,"Nightingale Close, Chiswick, London, W4 3JN"
91,5,St Charles Catholic Primary School,Kensington and Chelsea,100505,3 to 11,28,214.0,61.0,Roman Catholic,True,,13.4,15.970149253731343,False,90.47330097087378,89.0,21.0,110.0,111.0,113.0,111.33333333333333,W10 6EB,51.52172,-0.213918,53,1795388,1200000,"83 St Charles Square, London, W10 6EB"
92,7,St John XXIII Catholic Primary School,Hammersmith and Fulham,149641,3 to 11,48,298.0,58.0,Roman Catholic,True,,21.8,13.669724770642201,True,90.32766990291262,85.0,27.0,110.0,111.0,112.0,111.0,W12 7QT,51.511498,-0.233673,112,1045154,886675,"1 India Way, London, W12 7QT"
93,5,Cheam Fields Primary Academy,Sutton,143375,3 to 11,63,458.0,11.0,Does not apply,False,56,18.6,24.623655913978492,False,90.20631067961165,84.0,27.0,111.0,111.0,111.0,111.0,SM3 8PQ,51.36484,-0.219625,106,567346,565000,"Stoughton Avenue, Cheam, Sutton, SM3 8PQ"
94,6,Wanstead Church School,Redbridge,102841,3 to 11,24,207.0,17.0,Church of England,True,,10.4,19.903846153846153,False,90.20631067961165,96.0,17.0,113.0,111.0,111.0,111.66666666666667,E11 2SS,51.578564,0.023538,88,875910,867250,"Church Path, Wanstead, London, E11 2SS"
95,9,Ashmole Primary School,Barnet,142772,4 to 11,61,421.0,10.0,None,False,57,14.63,28.776486671223513,False,89.95145631067962,80.0,30.0,111.0,110.0,114.0,111.66666666666667,N14 7NP,51.628901,-0.136947,27,705556,685000,"Summit Way, Southgate, London, N14 7NP"
96,9,Hallsville Primary School,Newham,145363,3 to 11,56,464.0,46.0,Does not apply,False,58,28.0,16.571428571428573,False,89.92718446601941,86.0,29.0,110.0,111.0,111.0,110.66666666666667,E16 1LN,51.512484,0.016861,44,542210,465000,"Radland Road, London, E16 1LN"
97,4,The Blue School CofE Primary,Hounslow,102523,3 to 11,66,456.0,3.0,Church of England,True,,18.66,24.437299035369776,False,89.8118932038835,88.0,18.0,112.0,110.0,113.0,111.66666666666667,TW7 6RQ,51.46928,-0.324587,95,693726,640000,"North Street, Isleworth, TW7 6RQ"
98,5,Wellington Primary School,Hounslow,102505,3 to 11,111,768.0,18.0,Does not apply,False,59,31.26,24.56813819577735,False,89.80582524271846,85.0,32.0,109.0,111.0,113.0,111.0,TW3 3BD,51.472149,-0.378319,31,420253,407500,"Sutton Lane, Hounslow, TW3 3BD"
99,9,Sheen Mount Primary School,Richmond upon Thames,102897,4 to 11,71,590.0,11.0,Does not apply,False,60,27.9,21.14695340501792,False,89.74514563106796,82.0,27.0,111.0,112.0,111.0,111.33333333333333,SW14 7RT,51.461097,-0.275596,60,1200153,1175000,"West Temple, East Sheen, London, SW14 7RT"
100,3,"City of London Primary Academy, Islington",Islington,143020,4 to 11,30,317.0,20.0,None,False,61,16.6,19.096385542168672,False,89.67839805825243,80.0,40.0,112.0,109.0,113.0,111.33333333333333,EC1Y 0AE,51.523218,-0.096446,22,1813198,1638184,"15 Baltic Street West, London, EC1Y 0AE"
101,6,Marlborough Primary School,Kensington and Chelsea,100483,0 to 11,46,444.0,39.0,Does not apply,False,62,22.2,20.0,False,89.66626213592232,93.0,24.0,110.0,110.0,111.0,110.33333333333333,SW3 3AP,51.492679,-0.165887,162,4063843,3327500,"Draycott Avenue, London, SW3 3AP"
102,3,Holy Ghost Catholic Primary School,Wandsworth,101036,5 to 11,21,193.0,0.0,Roman Catholic,True,,9.9,19.494949494949495,False,89.5752427184466,86.0,29.0,111.0,111.0,110.0,110.66666666666667,SW12 8QJ,51.447881,-0.156341,231,1453454,1445000,"Nightingale Square, Balham, London, SW12 8QJ"
103,6,Burdett-Coutts and Townshend Foundation CofE Primary School,Westminster,101122,3 to 11,16,168.0,25.0,Church of England,True,,5.34,31.460674157303373,False,89.5752427184466,88.0,25.0,111.0,109.0,112.0,110.66666666666667,SW1P 2QQ,51.495115,-0.135003,28,1888001,1720000,"Rochester Street, London, SW1P 2QQ"
104,5,Highfield Junior School,Bromley,140257,7 to 11,92,367.0,5.0,None,False,63,15.3,23.986928104575163,False,89.53883495145631,92.0,21.0,110.0,110.0,112.0,110.66666666666667,BR2 0RL,51.395567,0.002226,19,621500,620000,"South Hill Road, Shortlands, Bromley, BR2 0RL"
105,2,Mossbourne Riverside Academy,Hackney,140426,3 to 11,84,602.0,29.0,Does not apply,False,64,28.87,20.852095600969864,False,89.29004854368931,92.0,33.0,111.0,109.0,110.0,110.0,E15 2GW,51.546985,-0.023555,23,932481,795000,"East Bay Lane, London, E15 2GW"
106,4,St Saviour's Church of England Primary School,Waltham Forest,144239,4 to 11,37,336.0,30.0,Church of England,True,,21.0,16.0,False,89.24150485436894,89.0,22.0,110.0,110.0,112.0,110.66666666666667,E17 8ER,51.57426,-0.029992,223,637371,630000,"Verulam Avenue, 33, London, E17 8ER"
107,3,"Redriff Primary, City of London Academy",Southwark,137648,3 to 11,74,478.0,27.0,Does not apply,False,65,27.3,17.509157509157507,False,89.2233009708738,89.0,28.0,110.0,109.0,112.0,110.33333333333333,SE16 5LQ,51.501926,-0.036629,72,737418,745000,"Salter Road, Rotherhithe, London, SE16 5LQ"
108,6,"St Mary's Catholic Primary School ,Chiswick",Hounslow,102529,3 to 11,27,191.0,19.0,Roman Catholic,True,,10.0,19.1,False,89.20509708737863,81.0,37.0,111.0,110.0,111.0,110.66666666666667,W4 2DF,51.488933,-0.258169,120,1322688,1279000,"Duke Road, Chiswick, London, W4 2DF"
109,3,Bonneville Primary School,Lambeth,131247,3 to 11,36,353.0,50.0,Does not apply,False,66,18.0,19.61111111111111,False,89.13228155339806,89.0,33.0,111.0,111.0,109.0,110.33333333333333,SW4 9LB,51.453249,-0.140365,133,1424629,1380000,"Bonneville Gardens, Clapham, London, SW4 9LB"
110,5,Coldfall Primary School,Haringey,102097,3 to 11,89,683.0,6.0,Does not apply,False,67,32.9,20.75987841945289,False,88.94417475728156,84.0,31.0,112.0,110.0,110.0,110.66666666666667,N10 1HS,51.597106,-0.153005,67,1173196,1050000,"Coldfall Avenue, Muswell Hill, London, N10 1HS"
111,4,Winton Primary School,Islington,100428,2 to 11,25,250.0,56.0,Does not apply,False,68,12.1,20.66115702479339,False,88.93203883495146,92.0,24.0,110.0,109.0,112.0,110.33333333333333,N1 9AZ,51.533383,-0.118371,34,1678912,1615000,"Killick Street, Kings Cross, London, N1 9AZ"
112,3,Walker Primary School,Enfield,146868,4 to 11,59,418.0,10.0,Does not apply,False,69,21.2,19.71698113207547,False,88.92597087378641,85.0,31.0,110.0,110.0,111.0,110.33333333333333,N14 7EG,51.625024,-0.126704,19,831421,772000,"Waterfall Road, Southgate, London, N14 7EG"
113,3,St Joseph's Catholic Junior School,Brent,101539,7 to 11,65,274.0,9.0,Roman Catholic,True,,11.9,23.025210084033613,False,88.92597087378641,91.0,18.0,110.0,111.0,112.0,111.0,HA9 6BE,51.552363,-0.286643,33,562152,575000,"Chatsworth Avenue, Wembley, HA9 6BE"
114,10,Thomson House School,Richmond upon Thames,139549,4 to 11,49,371.0,10.0,Does not apply,False,70,16.68,22.24220623501199,False,88.57402912621359,88.0,33.0,110.0,110.0,110.0,110.0,SW14 8HY,51.468812,-0.266364,157,1105196,1085000,"27 Sheen Lane, London, SW14 8HY"
115,3,Foxfield Primary School,Greenwich,143592,3 to 11,85,682.0,38.0,Does not apply,False,71,29.0,23.517241379310345,False,88.5618932038835,81.0,29.0,110.0,110.0,113.0,111.0,SE18 7EX,51.487143,0.076024,117,456577,441000,"Sandbach Place, London, SE18 7EX"
116,4,"Christ Church, Streatham Church of England Primary School",Lambeth,145614,5 to 11,20,159.0,50.0,Church of England,True,,9.24,17.207792207792206,False,88.51941747572816,85.0,25.0,111.0,109.0,112.0,110.66666666666667,SW2 3NF,51.44537,-0.121689,112,788108,795000,"Cotherstone Road, Streatham, London, SW2 3NF"
117,10,Cleves Primary School,Newham,143882,3 to 11,55,474.0,51.0,Does not apply,False,72,16.63,28.502705953096815,False,88.48907766990291,84.0,20.0,111.0,112.0,111.0,111.33333333333333,E6 1QP,51.533297,0.043144,224,462479,457000,"Arragon Road, East Ham, London, E6 1QP"
118,2,Krishna Avanti Primary School,Harrow,138688,3 to 11,60,454.0,5.0,Hindu,True,,21.8,20.825688073394495,False,88.44660194174757,87.0,22.0,110.0,111.0,111.0,110.66666666666667,HA8 6ES,51.604099,-0.280711,64,519265,520000,"Camrose Avenue, Edgware, HA8 6ES"
119,3,Cannon Lane Primary School,Harrow,102204,4 to 11,116,734.0,9.0,Does not apply,False,73,34.7,21.152737752161382,False,88.41626213592232,84.0,24.0,111.0,110.0,111.0,110.66666666666667,HA5 1TS,51.581511,-0.389166,26,701394,700000,"Cannonbury Avenue, Pinner, HA5 1TS"
120,1,"Canary Wharf College, Glenworth",Tower Hamlets,141039,4 to 11,39,302.0,15.0,Christian,True,,18.0,16.77777777777778,False,87.9490291262136,85.0,38.0,110.0,110.0,110.0,110.0,E14 3EB,51.489593,-0.005512,79,722301,715000,"93 Saunders Ness Road, Isle of Dogs, London, E14 3EB"
121,3,Montpelier Primary School,Ealing,101912,4 to 11,82,652.0,32.0,Does not apply,False,74,28.6,22.797202797202797,False,87.86407766990291,87.0,23.0,109.0,111.0,112.0,110.66666666666667,W5 2QT,51.523337,-0.300966,67,894835,876500,"Montpelier Road, Ealing, London, W5 2QT"
122,8,Holy Cross RC School,Hammersmith and Fulham,100345,3 to 11,71,622.0,17.0,Roman Catholic,True,,30.19,20.60284862537264,False,87.7366504854369,92.0,24.0,110.0,110.0,110.0,110.0,SW6 4BL,51.475948,-0.197476,296,2115861,1918750,"Basuto Road, London, SW6 4BL"
123,5,Jessop Primary School,Lambeth,100572,2 to 11,52,294.0,48.0,Does not apply,False,75,17.0,17.294117647058822,False,87.73058252427184,85.0,21.0,111.0,110.0,111.0,110.66666666666667,SE24 0BJ,51.460033,-0.101337,134,1099425,1062500,"Lowden Road, Herne Hill, London, SE24 0BJ"
124,5,South Grove Primary School,Waltham Forest,103072,3 to 11,50,460.0,40.0,Does not apply,False,76,21.26,21.636876763875822,False,87.69417475728154,90.0,24.0,109.0,109.0,115.0,111.0,E17 8PW,51.578071,-0.027764,238,685671,670000,"Ringwood Road, London, E17 8PW"
125,7,Colville Primary School,Kensington and Chelsea,100481,0 to 11,53,467.0,43.0,Does not apply,False,77,21.6,21.62037037037037,False,87.40291262135922,87.0,25.0,109.0,110.0,112.0,110.33333333333333,W11 2DF,51.514639,-0.203645,133,4054106,3275000,"Lonsdale Road, Portobello Road, London, W11 2DF"
126,1,St Luke's CofE Primary School,Kingston upon Thames,102604,3 to 11,30,240.0,10.0,Church of England,True,,11.84,20.27027027027027,False,87.34830097087378,80.0,27.0,111.0,109.0,113.0,111.0,KT2 6EN,51.41624,-0.296283,73,751994,720000,"Acre Road, Kingston upon Thames, KT2 6EN"
127,2,St Joseph's Catholic Primary School,Barking and Dagenham,147328,3 to 11,18,237.0,44.0,Roman Catholic,True,,14.0,16.928571428571427,False,87.34223300970874,83.0,28.0,109.0,113.0,111.0,111.0,IG11 7AR,51.5344,0.077107,43,383861,400000,"The Broadway, Barking, IG11 7AR"
128,4,Tudor Primary School,Ealing,101913,3 to 11,52,416.0,50.0,Does not apply,False,78,19.2,21.666666666666668,False,87.31796116504854,85.0,19.0,109.0,112.0,115.0,112.0,UB1 1NX,51.513591,-0.384544,98,504789,500000,"Tudor Road, Southall, UB1 1NX"
129,2,Nelmes Primary School,Havering,102321,4 to 11,61,430.0,10.0,Does not apply,False,79,17.8,24.157303370786515,False,87.2754854368932,89.0,28.0,111.0,110.0,109.0,110.0,RM11 3BX,51.579945,0.233464,40,495425,480000,"Wingletye Lane, Hornchurch, RM11 3BX"
130,6,Ainslie Wood Primary School,Waltham Forest,130343,3 to 11,53,437.0,15.0,Does not apply,False,80,23.42,18.65926558497011,False,87.2633495145631,87.0,34.0,109.0,111.0,110.0,110.0,E4 9DD,51.612366,-0.011647,171,558956,550000,"140 Ainslie Wood Road, Waltham Forest, London, E4 9DD"
131,2,St John Fisher Catholic Primary School,Bexley,101460,4 to 11,30,198.0,50.0,Roman Catholic,True,,11.7,16.923076923076923,False,87.01456310679612,90.0,17.0,110.0,110.0,112.0,110.66666666666667,DA18 4BA,51.495021,0.13218,90,345628,368500,"Kale Road, Thamesmead, Erith, DA18 4BA"
132,3,Bishop Gilpin CofE Primary School,Merton,102666,3 to 11,51,464.0,8.0,Church of England,True,,22.3,20.807174887892376,False,87.00242718446601,78.0,31.0,111.0,109.0,113.0,111.0,SW19 7EP,51.427372,-0.207041,37,1149959,1000000,"Lake Road, Wimbledon, SW19 7EP"
133,10,St Paul's CofE Primary School NW7,Barnet,101326,4 to 11,30,206.0,27.0,Church of England,True,,10.55,19.5260663507109,False,86.95995145631068,87.0,20.0,112.0,110.0,110.0,110.66666666666667,NW7 1QU,51.620561,-0.23139,6,936000,867500,"The Ridgeway, Mill Hill, London, NW7 1QU"
134,4,St Joseph's Roman Catholic Primary School,Brent,101555,2 to 11,58,485.0,33.0,Roman Catholic,True,,24.4,19.87704918032787,False,86.8385922330097,91.0,12.0,113.0,110.0,115.0,112.66666666666667,NW10 9LS,51.544264,-0.250878,60,599693,572500,"Goodson Road, Willesden, London, NW10 9LS"
135,7,St Vincent's Catholic Primary School,Westminster,101143,3 to 11,30,233.0,23.0,Roman Catholic,True,,10.78,21.61410018552876,False,86.78398058252426,90.0,23.0,109.0,109.0,113.0,110.33333333333333,W1U 4DF,51.518622,-0.152665,46,3122126,2900000,"St Vincent Street, London, W1U 4DF"
136,6,Stockwell Primary School,Lambeth,100582,2 to 11,60,402.0,73.0,Does not apply,False,81,19.0,21.157894736842106,False,86.75364077669903,95.0,25.0,110.0,109.0,110.0,109.66666666666667,SW9 9TG,51.466433,-0.117326,87,995061,955000,"Stockwell Road, London, SW9 9TG"
137,11,St Winefride's RC Primary School,Newham,148972,2 to 11,33,242.0,33.0,Roman Catholic,True,,7.4,32.7027027027027,False,86.36529126213593,82.0,15.0,112.0,112.0,112.0,112.0,E12 6HB,51.548569,0.057919,166,457357,468000,"Church Road, Manor Park, London, E12 6HB"
138,6,Our Lady of Muswell Catholic Primary School,Haringey,102142,3 to 11,57,418.0,18.0,Roman Catholic,True,,17.6,23.749999999999996,False,86.34708737864078,82.0,21.0,111.0,110.0,111.0,110.66666666666667,N10 1PS,51.594426,-0.149591,94,1481839,1500000,"Pages Lane, Muswell Hill, London, N10 1PS"
139,6,Perry Hall Primary School,Bromley,140448,5 to 11,62,437.0,15.0,Does not apply,False,82,17.1,25.555555555555554,False,86.2621359223301,90.0,21.0,110.0,110.0,110.0,110.0,BR6 0EF,51.383187,0.097198,69,417188,423500,"Perry Hall Road, Orpington, BR6 0EF"
140,12,Curwen Primary School,Newham,144142,3 to 11,108,854.0,46.0,Does not apply,False,83,44.8,19.0625,False,86.24393203883494,82.0,26.0,109.0,110.0,113.0,110.66666666666667,E13 0AG,51.530239,0.020861,155,470310,450000,"Atlas Road, London, E13 0AG"
141,3,Northwold Primary School,Hackney,141576,2 to 11,42,308.0,57.0,Does not apply,False,84,13.82,22.286541244573083,False,86.00728155339806,90.0,31.0,108.0,109.0,113.0,110.0,E5 8RN,51.562658,-0.065035,103,1162184,1160000,"Northwold Road, Clapton, London, E5 8RN"
142,8,Bousfield Primary School,Kensington and Chelsea,100480,3 to 11,54,431.0,28.0,Does not apply,False,85,20.2,21.33663366336634,False,85.94660194174757,74.0,35.0,111.0,110.0,112.0,111.0,SW5 0DJ,51.490072,-0.186173,72,3659425,2537500,"South Bolton Gardens, London, SW5 0DJ"
143,7,The Jenny Hammond Primary School,Waltham Forest,103082,4 to 11,47,380.0,32.0,Does not apply,False,86,16.6,22.891566265060238,False,85.94053398058253,83.0,19.0,111.0,110.0,111.0,110.66666666666667,E11 3JH,51.55573,0.007984,279,612157,600000,"Elsham Road, Leytonstone, London, E11 3JH"
144,3,Oasis Academy Byron,Croydon,138687,2 to 11,28,227.0,25.0,Does not apply,False,87,10.85,20.921658986175117,False,85.873786407767,89.0,14.0,111.0,111.0,111.0,111.0,CR5 2XE,51.313373,-0.127831,17,544706,625000,"St David's, Off Stoneyfield Road, Coulsdon, CR5 2XE"
145,11,St Stephen's C E Primary School,Richmond upon Thames,102915,4 to 11,58,416.0,16.0,Church of England,True,,18.97,21.929362150764366,False,85.77063106796116,79.0,31.0,111.0,109.0,111.0,110.33333333333333,TW1 1LF,51.456074,-0.322969,98,1095383,1082500,"Winchester Road, Twickenham, TW1 1LF"
146,7,Fullwood Primary School,Redbridge,102833,3 to 11,59,454.0,12.0,Does not apply,False,88,19.4,23.402061855670105,False,85.75242718446601,86.0,19.0,110.0,110.0,111.0,110.33333333333333,IG6 1ER,51.584469,0.078263,120,547552,546000,"21-24 Burford Close, Off Hatley Avenue, Barkingside, Ilford, IG6 1ER"
147,5,Tufnell Park Primary School,Islington,100430,2 to 11,43,458.0,56.0,Does not apply,False,89,19.2,23.854166666666668,False,85.70388349514563,84.0,19.0,109.0,112.0,112.0,111.0,N7 0HJ,51.554338,-0.129724,78,1437648,1475000,"31 Carleton Road, London, N7 0HJ"
148,11,St John's CofE Primary and Nursery School,Barnet,101321,3 to 11,30,248.0,20.0,Church of England,True,,16.61,14.930764599638772,True,85.53398058252426,87.0,13.0,110.0,112.0,114.0,112.0,N20 0PL,51.626556,-0.178335,48,754547,715000,"Swan Lane, Whetstone, London, N20 0PL"
149,13,Shaftesbury Primary School,Newham,145627,3 to 11,82,637.0,40.0,Does not apply,False,90,26.6,23.94736842105263,False,85.51577669902912,89.0,22.0,109.0,109.0,112.0,110.0,E7 8PF,51.53983,0.037697,183,490178,500000,"Shaftesbury Road, Forest Gate, London, E7 8PF"
150,14,Ranelagh Primary School,Newham,144139,3 to 11,43,295.0,51.0,Does not apply,False,91,18.3,16.120218579234972,False,85.49150485436893,77.0,28.0,109.0,111.0,114.0,111.33333333333333,E15 3DN,51.531673,0.009116,108,502041,500000,"Corporation Street, Stratford, London, E15 3DN"
151,12,Menorah Foundation School,Barnet,131359,3 to 11,46,320.0,2.0,Jewish,True,,14.44,22.1606648199446,False,85.21844660194175,96.0,9.0,111.0,112.0,115.0,112.66666666666667,HA8 0QS,51.607821,-0.263557,103,442161,441000,"2-8 Abbots Road, EDGWARE, HA8 0QS"
152,1,Haberdashers' Hatcham Free School,Lewisham,139672,4 to 11,60,419.0,15.0,None,False,92,26.6,15.75187969924812,False,85.19417475728154,90.0,28.0,111.0,110.0,108.0,109.66666666666667,SE14 5SF,51.467333,-0.043241,156,902932,861250,"Pepys Road, London, SE14 5SF"
153,4,St Michael's CofE Primary School,Wandsworth,101049,3 to 11,60,434.0,13.0,Church of England,True,,20.6,21.06796116504854,False,85.13956310679612,83.0,18.0,110.0,110.0,112.0,110.66666666666667,SW18 5SQ,51.450232,-0.203569,147,1080912,1110127,"Granville Road, Southfields, London, SW18 5SQ"
154,3,Abacus Belsize Primary School,Camden,139837,4 to 11,19,158.0,42.0,None,False,93,9.0,17.555555555555557,False,85.0,84.0,32.0,109.0,109.0,111.0,109.66666666666667,N1C 4PF,51.537815,-0.130633,36,1237302,1080625,"Jubilee Waterside Centre, 105 Camley Street, London, N1C 4PF"
155,8,Oakhill Primary School,Waltham Forest,103069,4 to 11,27,196.0,33.0,Does not apply,False,94,8.4,23.333333333333332,False,84.89684466019418,81.0,30.0,109.0,110.0,111.0,110.0,IG8 9PY,51.606496,0.008315,63,693246,690000,"Alders Avenue, Woodford Green, IG8 9PY"
156,13,St Catherine's RC School,Barnet,101333,2 to 11,60,480.0,17.0,Roman Catholic,True,,22.4,21.42857142857143,False,84.7876213592233,85.0,27.0,110.0,109.0,110.0,109.66666666666667,EN5 2ED,51.648831,-0.194702,38,593065,572500,"Vale Drive, Barnet, EN5 2ED"
157,4,St Mark's Primary School,Merton,102645,3 to 11,28,223.0,50.0,Does not apply,False,95,11.5,19.391304347826086,False,84.7876213592233,79.0,18.0,110.0,111.0,113.0,111.33333333333333,CR4 2LF,51.406613,-0.160403,109,455253,462500,"St Mark's Road, Mitcham, CR4 2LF"
158,4,Boutcher Church of England Primary School,Southwark,100822,5 to 11,32,209.0,31.0,Church of England,True,,6.89,30.33381712626996,False,84.73300970873787,84.0,22.0,110.0,109.0,111.0,110.0,SE1 3BW,51.494378,-0.076053,68,749257,755000,"93 Grange Road, Bermondsey, London, SE1 3BW"
159,7,Holy Trinity CofE Primary School,Haringey,139240,3 to 11,24,187.0,38.0,Church of England,True,,10.28,18.190661478599225,False,84.64199029126213,92.0,17.0,110.0,109.0,111.0,110.0,N17 9EJ,51.589644,-0.069346,189,624717,625000,"Somerset Road, Tottenham, London, N17 9EJ"
160,2,Whiteheath Junior School,Hillingdon,102400,7 to 11,74,293.0,5.0,Does not apply,False,96,15.84,18.497474747474747,False,84.5995145631068,95.0,14.0,110.0,110.0,111.0,110.33333333333333,HA4 7PR,51.579255,-0.440524,32,470867,457500,"Whiteheath Avenue, Ruislip, HA4 7PR"
161,8,Wells Primary School,Redbridge,102831,3 to 11,45,344.0,20.0,Does not apply,False,97,18.53,18.56449001618996,False,84.45388349514563,87.0,33.0,109.0,109.0,110.0,109.33333333333333,IG8 0PP,51.616093,0.027012,17,571676,550000,"Barclay Oval, Woodford Green, IG8 0PP"
162,6,Thornhill Primary School,Islington,100425,3 to 11,57,459.0,49.0,Does not apply,False,98,19.4,23.65979381443299,False,84.44781553398059,88.0,23.0,109.0,109.0,111.0,109.66666666666667,N1 1HX,51.540335,-0.10946,125,1864440,1725000,"Thornhill Road, Islington, London, N1 1HX"
163,7,Warren Road Primary School,Bromley,136915,4 to 11,120,840.0,6.0,Does not apply,False,99,36.8,22.826086956521742,False,84.42961165048544,76.0,22.0,111.0,111.0,111.0,111.0,BR6 6JF,51.360151,0.091967,74,482280,475700,"Warren Road, Orpington, BR6 6JF"
164,8,St James Church of England Primary School,Haringey,102136,4 to 11,31,190.0,3.0,Church of England,True,,9.1,20.87912087912088,False,84.38713592233009,87.0,23.0,110.0,109.0,110.0,109.66666666666667,N10 3JA,51.587232,-0.148454,79,1579721,1590000,"Woodside Avenue, Muswell Hill, London, N10 3JA"
165,5,Phoenix Primary School,Southwark,100817,3 to 11,60,508.0,40.0,Does not apply,False,100,27.66,18.36587129428778,False,84.3385922330097,80.0,18.0,110.0,110.0,113.0,111.0,SE1 5JT,51.486124,-0.067355,60,640492,630000,"Marlborough Grove, London, SE1 5JT"
166,4,Krishna Avanti Primary School,Croydon,142861,4 to 11,25,202.0,8.0,Hindu,True,,8.77,23.03306727480046,False,84.3385922330097,84.0,16.0,109.0,111.0,114.0,111.33333333333333,CR0 4HA,51.367827,-0.103875,110,380525,375000,"Southbridge Place, Croydon, CR0 4HA"
167,4,Woodpecker Hall Primary Academy,Enfield,136952,2 to 11,109,780.0,52.0,None,False,101,36.0,21.666666666666668,False,84.30825242718446,91.0,26.0,110.0,109.0,109.0,109.33333333333333,N9 8DR,51.635974,-0.042292,125,416623,410000,"Cuckoo Hall Lane, London, N9 8DR"
168,9,St Barnabas and St Philip's CofE Primary School,Kensington and Chelsea,100493,3 to 11,27,213.0,37.0,Church of England,True,,10.0,21.3,False,84.27791262135922,89.0,15.0,110.0,110.0,111.0,110.33333333333333,W8 6EJ,51.4979,-0.198152,80,3591998,2963558,"58 Earls Court Road, Kensington, London, W8 6EJ"
169,5,Sacred Heart Catholic Primary School,Merton,102668,3 to 11,31,360.0,19.0,Roman Catholic,True,,20.3,17.73399014778325,False,84.27184466019418,84.0,16.0,110.0,111.0,111.0,110.66666666666667,KT3 4ND,51.400363,-0.240631,137,668849,660000,"Burlington Road, New Malden, KT3 4ND"
170,4,Torriano Primary School,Camden,100023,3 to 11,57,445.0,51.0,Does not apply,False,102,24.59,18.096787311915413,False,84.22936893203884,81.0,18.0,110.0,110.0,112.0,110.66666666666667,NW5 2SJ,51.549675,-0.132815,65,1528075,1450000,"Torriano Avenue, Kentish Town, London, NW5 2SJ"
171,9,Riverley Primary School,Waltham Forest,139723,3 to 11,57,450.0,39.0,Does not apply,False,103,19.86,22.658610271903324,False,84.1747572815534,84.0,26.0,110.0,109.0,110.0,109.66666666666667,E10 7BZ,51.566642,-0.019211,190,629683,625000,"Park Road, Leyton, London, E10 7BZ"
172,15,Calverton Primary School,Newham,102758,3 to 11,41,245.0,51.0,Does not apply,False,104,16.8,14.583333333333332,True,84.11407766990291,80.0,22.0,111.0,110.0,110.0,110.33333333333333,E16 3ET,51.511047,0.041672,73,412017,413000,"King George Avenue, London, E16 3ET"
173,4,Notre Dame Catholic Primary School,Greenwich,100179,5 to 11,25,183.0,56.0,Roman Catholic,True,,8.6,21.27906976744186,False,84.04733009708738,88.0,20.0,110.0,108.0,112.0,110.0,SE18 3SJ,51.480271,0.065947,93,478121,450000,"169 Eglinton Road, London, SE18 3SJ"
174,16,Roman Road Primary School,Newham,102740,3 to 11,47,334.0,45.0,Does not apply,False,105,18.38,18.171926006528835,False,84.04733009708738,94.0,19.0,109.0,110.0,110.0,109.66666666666667,E6 3SQ,51.520969,0.046138,192,428924,425000,"Roman Road, London, E6 3SQ"
175,3,Riverside Primary School,Barking and Dagenham,142133,4 to 11,30,375.0,30.0,None,False,106,20.4,18.38235294117647,False,83.91990291262135,87.0,23.0,110.0,110.0,109.0,109.66666666666667,IG11 0FU,51.521665,0.118418,23,388065,385000,"Renwick Road, Barking, IG11 0FU"
176,6,Bessemer Grange Primary School,Southwark,130918,3 to 11,69,533.0,29.0,Does not apply,False,107,25.4,20.984251968503937,False,83.74393203883494,78.0,28.0,112.0,109.0,110.0,110.33333333333333,SE5 8HP,51.458744,-0.086779,114,1107653,1030000,"Dylways, London, SE5 8HP"
177,5,Rockliffe Manor Primary School,Greenwich,143593,3 to 11,21,209.0,52.0,Does not apply,False,108,9.6,21.770833333333336,False,83.7378640776699,81.0,33.0,109.0,109.0,111.0,109.66666666666667,SE18 2NP,51.479388,0.093948,180,416339,408500,"Bassant Road, London, SE18 2NP"
178,8,St Philomena's Primary School,Bromley,141482,5 to 11,28,202.0,4.0,Roman Catholic,True,,8.5,23.764705882352942,False,83.57402912621359,86.0,14.0,110.0,110.0,112.0,110.66666666666667,BR5 4DR,51.382246,0.115508,76,373268,375000,"Chelsfield Road, Orpington, BR5 4DR"
179,3,Upminster Junior School,Havering,138944,7 to 11,90,362.0,7.0,Does not apply,False,109,15.0,24.133333333333333,False,83.53762135922331,88.0,26.0,109.0,109.0,110.0,109.33333333333333,RM14 3BS,51.556036,0.250731,17,626353,650000,"z, St Mary's Lane, UPMINSTER, RM14 3BS"
180,6,Barrow Hedges Primary School,Sutton,145977,3 to 11,95,689.0,8.0,Does not apply,False,110,27.25,25.28440366972477,False,83.44660194174757,76.0,27.0,110.0,110.0,111.0,110.33333333333333,SM5 4LA,51.352204,-0.176313,12,608406,622500,"Harbury Road, CARSHALTON, SM5 4LA"
181,10,Coppermill Primary School,Waltham Forest,103078,3 to 11,21,183.0,24.0,Does not apply,False,111,12.4,14.758064516129032,True,83.28883495145631,86.0,14.0,111.0,109.0,112.0,110.66666666666667,E17 6PB,51.58255,-0.040143,147,695027,688250,"Edward Road, Walthamstow, London, E17 6PB"
182,2,Bigland Green Primary School,Tower Hamlets,100939,3 to 11,60,475.0,57.0,Does not apply,False,112,24.5,19.387755102040817,False,83.28276699029125,87.0,15.0,109.0,110.0,113.0,110.66666666666667,E1 2ND,51.512678,-0.058549,43,876060,850000,"Bigland Street, Wapping, London, E1 2ND"
183,8,Christ Church Bentinck CofE Primary School,Westminster,101147,3 to 11,23,213.0,57.0,Church of England,True,,10.6,20.09433962264151,False,83.23422330097088,78.0,13.0,111.0,112.0,116.0,113.0,NW1 5NS,51.521454,-0.16636,57,1850240,1500000,"Cosway Street, Marylebone, London, NW1 5NS"
184,14,Hasmonean Primary School,Barnet,130998,3 to 11,30,198.0,20.0,Jewish,True,,13.13,15.07996953541508,True,83.1492718446602,90.0,10.0,112.0,110.0,112.0,111.33333333333333,NW4 2PD,51.582123,-0.216269,22,829023,821000,"8-10 Shirehall Lane, Hendon, London, NW4 2PD"
185,12,East Sheen Primary School,Richmond upon Thames,102885,4 to 11,83,590.0,20.0,Does not apply,False,113,27.25,21.65137614678899,False,83.14320388349515,83.0,24.0,110.0,109.0,110.0,109.66666666666667,SW14 8ED,51.464956,-0.254388,231,1126857,1075000,"Upper Richmond Road West, East Sheen, London, SW14 8ED"
186,5,North West London Jewish Day School,Brent,141154,3 to 11,25,202.0,0.0,Jewish,True,,13.3,15.187969924812029,True,83.09466019417475,80.0,24.0,111.0,109.0,110.0,110.0,NW6 7PP,51.544766,-0.212006,30,1481485,1305000,"180 Willesden Lane, London, NW6 7PP"
187,5,Eleanor Palmer Primary School,Camden,100027,3 to 11,29,237.0,24.0,Does not apply,False,114,11.4,20.789473684210527,False,83.08252427184466,93.0,28.0,109.0,109.0,109.0,109.0,NW5 2JA,51.554369,-0.13907,85,1583682,1488348,"Lupton Street, Tufnell Park, London, NW5 2JA"
188,4,Grimsdyke School,Harrow,102187,4 to 11,90,628.0,10.0,Does not apply,False,115,25.08,25.039872408293462,False,82.98543689320388,87.0,12.0,110.0,111.0,112.0,111.0,HA5 4QE,51.613135,-0.374599,4,508000,466000,"Grimsdyke School, Sylvia Avenue, Hatch End, Pinner, HA5 4QE"
189,9,St Nicholas Church of England Primary,Bromley,141529,4 to 11,32,215.0,6.0,Church of England,True,,8.2,26.219512195121954,False,82.96723300970874,81.0,16.0,110.0,110.0,112.0,110.66666666666667,BR7 5PQ,51.41065,0.072958,21,640596,617500,"School Road, Chislehurst, BR7 5PQ"
190,6,St Teresa's Catholic Primary School,Merton,102669,2 to 11,61,465.0,28.0,Roman Catholic,True,,19.27,24.130773222625844,False,82.9247572815534,77.0,15.0,110.0,113.0,114.0,112.33333333333333,SM4 6RL,51.389697,-0.181664,132,448189,441500,"Montacute Road, Morden, SM4 6RL"
191,5,Selborne Primary School,Ealing,101886,3 to 11,63,654.0,46.0,Does not apply,False,116,36.6,17.86885245901639,False,82.77305825242719,83.0,24.0,107.0,112.0,114.0,111.0,UB6 8JD,51.537184,-0.335403,46,579317,557500,"Conway Crescent, Perivale, Greenford, UB6 8JD"
192,6,Emmanuel Church of England Primary School,Camden,100030,3 to 11,30,231.0,17.0,Church of England,True,,12.6,18.333333333333332,False,82.71237864077669,87.0,20.0,110.0,110.0,109.0,109.66666666666667,NW6 1TF,51.551837,-0.194549,61,1565590,1400000,"152-158 Mill Lane, West Hampstead, London, NW6 1TF"
193,13,Collis Primary School,Richmond upon Thames,102903,3 to 11,91,703.0,7.0,Does not apply,False,117,30.08,23.371010638297875,False,82.55461165048543,87.0,16.0,110.0,110.0,110.0,110.0,TW11 9BS,51.422162,-0.32598,63,909247,849950,"Fairfax Road, Teddington, TW11 9BS"
194,5,Park Hill Junior School,Croydon,144382,7 to 11,93,371.0,24.0,None,False,118,19.6,18.928571428571427,False,82.5364077669903,82.0,34.0,109.0,109.0,110.0,109.33333333333333,CR0 5NS,51.368767,-0.089282,65,474953,475000,"Stanhope Road, Croydon, CR0 5NS"
195,6,Our Lady of Grace Catholic Junior School,Brent,146116,7 to 11,56,238.0,32.0,Roman Catholic,True,,11.3,21.061946902654867,False,82.5,93.0,21.0,109.0,108.0,111.0,109.33333333333333,NW2 6HS,51.561147,-0.233725,38,621553,572500,"Dollis Hill Lane, London, NW2 6HS"
196,3,Newnham Junior School,Hillingdon,102393,7 to 11,89,357.0,13.0,Does not apply,False,119,18.57,19.224555735056544,False,82.4635922330097,81.0,17.0,110.0,110.0,111.0,110.33333333333333,HA4 9RW,51.573654,-0.393224,23,553098,530000,"Newnham Avenue, Ruislip, HA4 9RW"
197,9,Avanti Court Primary School,Redbridge,142489,3 to 11,71,623.0,10.0,Hindu,True,,28.14,22.139303482587064,False,82.45145631067962,83.0,23.0,109.0,110.0,110.0,109.66666666666667,IG6 1LZ,51.587362,0.088067,64,520084,520000,"Carlton Drive, Barkingside, IG6 1LZ"
198,5,Honeywell Junior School,Wandsworth,101011,7 to 11,76,320.0,18.0,None,False,120,15.85,20.189274447949526,False,82.44538834951456,84.0,29.0,110.0,108.0,110.0,109.33333333333333,SW11 6EF,51.454739,-0.16188,220,1665216,1650000,"Honeywell Road, Battersea, London, SW11 6EF"
199,9,Millbank Gardens Primary Academy,Westminster,151310,3 to 11,30,274.0,53.0,Unknown,False,121,14.8,18.513513513513512,False,82.32402912621359,87.0,23.0,109.0,109.0,110.0,109.33333333333333,SW1P 4HR,51.491418,-0.130443,23,1758893,1600000,"Erasmus Street, London, SW1P 4HR"
200,3,Stewart Headlam Primary School,Tower Hamlets,100923,3 to 11,30,197.0,33.0,Does not apply,False,122,13.5,14.592592592592593,True,82.26334951456312,83.0,20.0,109.0,111.0,110.0,110.0,E1 5RE,51.5235,-0.059372,66,865316,790000,"Tapp Street, Stepney, London, E1 5RE"
201,7,Cheam Park Farm Primary Academy,Sutton,140260,4 to 11,128,919.0,11.0,Does not apply,False,123,36.04,25.499445061043286,False,82.19660194174757,79.0,31.0,110.0,110.0,109.0,109.66666666666667,SM3 9UU,51.374332,-0.215248,132,539980,545500,"Molesey Drive, Cheam, Sutton, SM3 9UU"
202,15,Moss Hall Junior School,Barnet,101294,7 to 11,107,468.0,17.0,Does not apply,False,124,19.82,23.612512613521695,False,81.94174757281554,81.0,23.0,110.0,109.0,110.0,109.66666666666667,N3 1NR,51.610667,-0.186511,43,775343,779000,"187 Nether Street, Finchley, Moss Hall Grove, London, N3 1NR"
203,4,Hoxton Garden Primary,Hackney,131141,3 to 11,56,384.0,66.0,Does not apply,False,125,22.0,17.454545454545453,False,81.93567961165049,84.0,21.0,110.0,108.0,111.0,109.66666666666667,N1 5JD,51.533779,-0.080649,51,1250195,1250000,"Ivy Street, Hackney, London, N1 5JD"
204,11,Davies Lane Primary School,Waltham Forest,143384,2 to 11,119,956.0,23.0,Does not apply,False,126,45.0,21.244444444444444,False,81.82038834951456,87.0,30.0,109.0,109.0,109.0,109.0,E11 3DR,51.564475,0.011904,176,753807,746500,"Davies Lane, Leytonstone, London, E11 3DR"
205,6,Deansfield Primary School,Greenwich,143599,3 to 11,55,462.0,13.0,Does not apply,False,127,20.5,22.536585365853657,False,81.77791262135923,91.0,27.0,109.0,110.0,108.0,109.0,SE9 1XP,51.462068,0.061972,134,582811,550000,"Dairsie Road, Eltham, London, SE9 1XP"
206,10,Saint Mary's Catholic Primary School,Kensington and Chelsea,100499,3 to 11,25,165.0,44.0,Roman Catholic,True,,12.8,12.890625,True,81.61407766990291,76.0,28.0,109.0,110.0,111.0,110.0,W10 5AW,51.525081,-0.210774,90,1034099,952500,"East Row, North Kensington, London, W10 5AW"
207,17,St Michael's Catholic Primary School,Newham,150664,3 to 11,27,212.0,44.0,Roman Catholic,True,,10.6,20.0,False,81.58980582524272,81.0,19.0,109.0,110.0,111.0,110.0,E6 6EE,51.530222,0.058,213,433071,428000,"Howard Road, East Ham, London, E6 6EE"
208,4,Concordia Academy,Havering,142885,4 to 11,31,539.0,35.0,None,False,128,25.0,21.56,False,81.55339805825243,81.0,16.0,111.0,109.0,111.0,110.33333333333333,RM7 0HG,51.572036,0.177272,71,430979,425000,"Union Road, Romford, RM7 0HG"
209,4,Mayflower Primary School,Tower Hamlets,100913,3 to 11,50,407.0,60.0,Does not apply,False,129,23.5,17.319148936170212,False,81.54733009708738,80.0,20.0,109.0,110.0,111.0,110.0,E14 6DU,51.511588,-0.020289,26,576663,570000,"Upper North Street, Poplar, London, E14 6DU"
210,7,Benedict Academy,Merton,147970,3 to 11,30,183.0,67.0,None,False,130,11.42,16.024518388791595,False,81.52305825242718,93.0,17.0,109.0,108.0,112.0,109.66666666666667,CR4 3BE,51.402262,-0.1731,94,452962,450000,"Church Road, Mitcham, CR4 3BE"
211,6,"All Saints' CofE Primary School, Putney",Wandsworth,101034,3 to 11,24,172.0,29.0,Church of England,True,,9.33,18.435155412647372,False,81.46844660194175,79.0,21.0,111.0,109.0,110.0,110.0,SW15 1HL,51.467884,-0.227741,101,1331312,1326000,"Putney Common, Putney, London, SW15 1HL"
212,7,St Eugene de Mazenod Roman Catholic Primary School,Camden,100047,4 to 11,27,204.0,48.0,Roman Catholic,True,,9.0,22.666666666666668,False,81.4381067961165,81.0,30.0,110.0,109.0,109.0,109.33333333333333,NW6 4LS,51.54097,-0.193725,101,1377610,1255000,"Mazenod Avenue, London, NW6 4LS"
213,14,St James's Catholic Primary School,Richmond upon Thames,102913,3 to 11,93,665.0,2.0,Roman Catholic,True,,30.78,21.604938271604937,False,81.25606796116504,85.0,32.0,109.0,108.0,110.0,109.0,TW2 5NP,51.437063,-0.347578,129,783203,747950,"260 Stanley Road, Twickenham, TW2 5NP"
214,18,Keir Hardie Primary School,Newham,102725,3 to 11,59,451.0,63.0,Does not apply,False,131,22.8,19.780701754385966,False,81.19538834951456,85.0,14.0,109.0,110.0,112.0,110.33333333333333,E16 1FZ,51.516474,0.02067,111,428863,427000,"13 Robertson Road, Canning Town, London, E16 1FZ"
215,12,Roger Ascham Primary School,Waltham Forest,136362,3 to 11,57,407.0,40.0,Does not apply,False,132,20.29,20.059142434696895,False,81.15898058252426,86.0,26.0,111.0,107.0,110.0,109.33333333333333,E17 5HU,51.598755,-0.026248,148,591306,585625,"1 Wigton Road, Walthamstow, London, E17 5HU"
216,6,Stanhope Primary School,Ealing,101907,2 to 11,51,365.0,51.0,Does not apply,False,133,19.9,18.34170854271357,False,81.15291262135922,78.0,29.0,110.0,108.0,111.0,109.66666666666667,UB6 9EG,51.527215,-0.35546,69,535525,528300,"Mansell Road, Greenford, UB6 9EG"
217,16,Brookland Junior School,Barnet,101262,7 to 11,84,353.0,20.0,Does not apply,False,134,16.98,20.78916372202591,False,81.13470873786409,82.0,17.0,110.0,110.0,110.0,110.0,NW11 6EJ,51.589937,-0.188058,56,952854,860000,"Hill Top, Hampstead Garden Suburb, London, NW11 6EJ"
218,9,Rokesly Junior School,Haringey,102106,7 to 11,81,301.0,20.0,Does not apply,False,135,15.0,20.066666666666666,False,81.10436893203884,81.0,28.0,110.0,109.0,109.0,109.33333333333333,N8 8NH,51.583053,-0.119149,130,1380828,1363000,"Rokesly Avenue, London, N8 8NH"
219,7,Oasis Academy Putney,Wandsworth,140222,4 to 11,20,121.0,50.0,None,False,136,7.6,15.921052631578949,False,80.98907766990291,80.0,30.0,109.0,109.0,110.0,109.33333333333333,SW15 1LY,51.469217,-0.228496,88,1379676,1367500,"184 Lower Richmond Road, London, SW15 1LY"
220,17,St Agnes' Catholic Primary School,Barnet,101332,3 to 11,56,431.0,34.0,Roman Catholic,True,,20.5,21.024390243902438,False,80.8373786407767,82.0,25.0,109.0,109.0,110.0,109.33333333333333,NW2 1RG,51.560495,-0.210884,39,622667,600000,"Thorverton Road, Cricklewood, London, NW2 1RG"
221,10,St Bede's Catholic Primary School,Redbridge,102845,3 to 11,59,437.0,24.0,Roman Catholic,True,,19.06,22.92759706190976,False,80.80703883495146,95.0,14.0,109.0,110.0,110.0,109.66666666666667,RM6 5RR,51.576863,0.126828,148,470260,478000,"Canon Avenue, Chadwell Heath, Romford, RM6 5RR"
222,7,Charles Dickens Primary School,Southwark,148012,2 to 11,59,479.0,47.0,Does not apply,False,137,20.7,23.14009661835749,False,80.72815533980582,92.0,34.0,109.0,110.0,107.0,108.66666666666667,SE1 1AF,51.501285,-0.096439,24,1280379,1030000,"Toulmin Street, London, SE1 1AF"
223,5,Simon Marks Jewish Primary School,Hackney,100275,3 to 11,20,124.0,40.0,Jewish,True,,9.6,12.916666666666668,True,80.6735436893204,100.0,10.0,109.0,110.0,113.0,110.66666666666667,N16 6PD,51.5654,-0.069334,99,1186166,1200000,"75 Cazenove Road, Stoke Newington, Hackney, London, N16 6PD"
224,8,"Saint Joseph's Catholic Primary School, the Borough",Southwark,100834,3 to 11,24,169.0,33.0,Roman Catholic,True,,10.6,15.943396226415095,False,80.625,83.0,21.0,111.0,110.0,108.0,109.66666666666667,SE1 1NJ,51.502752,-0.093179,16,1528406,955000,"Little Dorrit Court, Redcross Way, London, SE1 1NJ"
225,7,Meridian Primary School,Greenwich,100137,3 to 11,28,222.0,14.0,Does not apply,False,138,15.47,14.350355526826114,True,80.57038834951456,82.0,21.0,111.0,108.0,110.0,109.66666666666667,SE10 9NY,51.484211,-0.00049,129,796229,738000,"Old Woolwich Road, Greenwich, London, SE10 9NY"
226,5,Hadley Wood Primary School,Enfield,101994,4 to 11,29,205.0,7.0,Does not apply,False,139,10.3,19.90291262135922,False,80.53398058252426,100.0,7.0,111.0,110.0,112.0,111.0,EN4 0HT,51.670035,-0.170851,0,,,"Courtleigh Avenue, Hadley Wood, Barnet, EN4 0HT"
227,8,Eltham Church of England Primary School,Greenwich,100167,3 to 11,59,446.0,19.0,Church of England,True,,22.0,20.272727272727273,False,80.39441747572815,83.0,15.0,110.0,109.0,111.0,110.0,SE9 1TR,51.451311,0.056925,52,731109,722500,"Roper Street, Eltham, London, SE9 1TR"
228,2,Fern Hill Primary School,Kingston upon Thames,148798,3 to 11,93,671.0,15.0,Does not apply,False,140,25.6,26.2109375,False,80.33373786407768,78.0,23.0,110.0,109.0,110.0,109.66666666666667,KT2 5PE,51.423334,-0.301787,65,846076,785000,"Richmond Road, Kingston upon Thames, KT2 5PE"
229,7,Ambler Primary School and Children's Centre,Islington,100397,0 to 11,60,525.0,37.0,Does not apply,False,141,22.39,23.44796784278696,False,80.28519417475728,78.0,13.0,111.0,110.0,112.0,111.0,N4 2DR,51.562126,-0.100694,86,1470407,1505000,"Blackstock Road, Finsbury Park, London, N4 2DR"
230,8,Trinity St Mary's CofE Primary School,Wandsworth,101047,2 to 11,21,120.0,62.0,Church of England,True,,7.9,15.189873417721518,True,80.16383495145631,71.0,19.0,110.0,112.0,112.0,111.33333333333333,SW12 8DR,51.442568,-0.155303,209,1339721,1375000,"6 Balham Park Road, London, SW12 8DR"
231,9,Dulwich Hamlet Junior School,Southwark,136665,7 to 11,86,364.0,16.0,Does not apply,False,142,14.65,24.84641638225256,False,80.14563106796116,84.0,28.0,110.0,109.0,108.0,109.0,SE21 7AL,51.451627,-0.087062,84,1294508,1250000,"Dulwich Village, London, SE21 7AL"
232,7,Sinai Jewish Primary School,Brent,101549,3 to 11,92,645.0,7.0,Jewish,True,,36.92,17.470205850487538,False,80.11529126213593,86.0,20.0,109.0,108.0,111.0,109.33333333333333,HA3 9UD,51.579492,-0.281683,9,553096,580000,"Shakespeare Drive, Kenton, Harrow, HA3 9UD"
233,5,St John Fisher Catholic Primary School,Harrow,146178,4 to 11,89,624.0,10.0,Roman Catholic,True,,25.29,24.67378410438909,False,80.08495145631068,84.0,17.0,109.0,110.0,110.0,109.66666666666667,HA5 5RA,51.589848,-0.37097,28,603891,602475,"Melrose Road, Pinner, HA5 5RA"
234,10,St Martin of Porres Catholic Primary School,Haringey,102150,4 to 11,18,117.0,28.0,Roman Catholic,True,,7.4,15.81081081081081,False,79.98179611650485,83.0,17.0,110.0,109.0,110.0,109.66666666666667,N11 2AF,51.607883,-0.133389,91,746614,732792,"Blake Road, New Southgate, London, N11 2AF"
235,18,Foulds School,Barnet,101279,5 to 11,45,313.0,4.0,Does not apply,False,143,14.66,21.350613915416098,False,79.88470873786407,84.0,11.0,110.0,111.0,111.0,110.66666666666667,EN5 4NR,51.656808,-0.211792,36,648917,662500,"Byng Road, Barnet, EN5 4NR"
236,3,Foster's Primary School,Bexley,101451,3 to 11,62,450.0,19.0,None,False,144,22.02,20.435967302452315,False,79.7754854368932,82.0,18.0,109.0,109.0,111.0,109.66666666666667,DA16 1PN,51.463108,0.121593,67,464512,440000,"Westbrooke Road, Welling, DA16 1PN"
237,13,Selwyn Primary School,Waltham Forest,143383,2 to 11,87,708.0,32.0,Does not apply,False,145,27.0,26.22222222222222,False,79.75728155339806,87.0,34.0,110.0,108.0,108.0,108.66666666666667,E4 9NE,51.606223,-0.007872,149,630355,615000,"105 Selwyn Avenue, London, E4 9NE"
238,6,Grange Park Primary School,Enfield,145207,3 to 11,93,806.0,22.0,Does not apply,False,146,32.8,24.573170731707318,False,79.73907766990291,87.0,23.0,108.0,109.0,110.0,109.0,N21 1PP,51.647207,-0.108717,26,645115,588750,"World's End Lane, Winchmore Hill, London, N21 1PP"
239,7,St Andrew's Southgate Primary School (CE),Enfield,102030,4 to 11,29,198.0,21.0,Church of England,True,,9.24,21.428571428571427,False,79.67839805825243,79.0,31.0,108.0,110.0,110.0,109.33333333333333,N14 6JA,51.634182,-0.128089,36,654624,613750,"297 Chase Road, Southgate, London, N14 6JA"
240,14,Thomas Gamuel Primary School,Waltham Forest,140405,2 to 11,42,347.0,38.0,Does not apply,False,147,15.2,22.828947368421055,False,79.36893203883496,83.0,21.0,109.0,108.0,111.0,109.33333333333333,E17 8LG,51.575143,-0.022045,275,677356,663000,"Colchester Road, Walthamstow, London, E17 8LG"
241,11,Oratory Roman Catholic Primary School,Kensington and Chelsea,100491,5 to 11,29,210.0,17.0,Roman Catholic,True,,10.0,21.0,False,79.32645631067962,83.0,17.0,110.0,108.0,111.0,109.66666666666667,SW3 6QH,51.490617,-0.170292,165,4193660,3400000,"Bury Walk, Cale Street, Chelsea, London, SW3 6QH"
242,15,Bishop Perrin Church of England Primary School,Richmond upon Thames,102918,4 to 11,30,209.0,13.0,Church of England,True,,10.65,19.624413145539904,False,79.25970873786407,83.0,20.0,110.0,108.0,110.0,109.33333333333333,TW2 6LF,51.448563,-0.366102,55,647573,620000,"Hospital Bridge Road, Twickenham, TW2 6LF"
243,19,The Orion Primary School,Barnet,131970,2 to 11,118,955.0,64.0,Does not apply,False,148,46.34,20.60854553301683,False,79.25364077669903,77.0,14.0,110.0,110.0,112.0,110.66666666666667,NW7 2AL,51.608402,-0.246305,71,495545,467210,"Grahame Park Way, Mill Hill, London, NW7 2AL"
244,7,Herbert Morrison Primary School,Lambeth,100604,3 to 11,26,213.0,27.0,Does not apply,False,149,10.2,20.88235294117647,False,79.21723300970874,88.0,12.0,111.0,109.0,110.0,110.0,SW8 2HP,51.478656,-0.125867,70,1082711,1035000,"Hartington Road, London, SW8 2HP"
245,20,"St Mary's CofE Primary School, East Barnet",Barnet,101324,4 to 11,31,217.0,10.0,Church of England,True,,10.98,19.763205828779597,False,79.08373786407768,77.0,16.0,110.0,109.0,112.0,110.33333333333333,EN4 8SR,51.640977,-0.16144,51,638023,650000,"Littlegrove, East Barnet, Barnet, EN4 8SR"
246,6,St Joseph's Catholic Primary School,Harrow,146246,4 to 11,59,408.0,24.0,Roman Catholic,True,,17.8,22.92134831460674,False,79.04126213592232,86.0,22.0,108.0,109.0,110.0,109.0,HA3 7LP,51.599199,-0.321773,56,537537,522500,"Dobbin Close, Belmont Circle, Harrow, HA3 7LP"
247,9,St Mary's CofE Nursery and Primary School,Wandsworth,101046,3 to 11,21,197.0,14.0,Church of England,True,,11.0,17.90909090909091,False,78.95024271844659,76.0,24.0,109.0,109.0,111.0,109.66666666666667,SW15 1BA,51.466431,-0.22201,121,1326773,1310000,"Felsham Road, Putney, St. Mary's CE Primary School, Putney, London, SW15 1BA"
248,8,Fitzjohn's Primary School,Camden,100026,3 to 11,27,230.0,19.0,Does not apply,False,150,10.3,22.33009708737864,False,78.87135922330097,81.0,22.0,109.0,108.0,111.0,109.33333333333333,NW3 6NP,51.5534,-0.175836,64,2814966,2167500,"86A Fitzjohn's Avenue, London, NW3 6NP"
249,15,Stoneydown Park School,Waltham Forest,103079,3 to 11,61,611.0,18.0,Does not apply,False,151,29.68,20.58625336927224,False,78.85922330097087,80.0,18.0,109.0,109.0,111.0,109.66666666666667,E17 6JY,51.585799,-0.03547,233,708084,703000,"Pretoria Avenue, Walthamstow, London, E17 6JY"
250,10,St Mary's Catholic Primary School,Bromley,141535,4 to 11,50,411.0,8.0,Roman Catholic,True,,17.4,23.620689655172416,False,78.84708737864078,82.0,16.0,110.0,109.0,110.0,109.66666666666667,BR3 5DE,51.413755,-0.014481,34,693131,691000,"Westgate Road, Beckenham, BR3 5DE"
251,7,Vaughan Primary School,Harrow,102223,3 to 11,90,676.0,17.0,Does not apply,False,152,28.55,23.677758318739055,False,78.82888349514563,86.0,21.0,109.0,108.0,110.0,109.0,HA1 4EL,51.580929,-0.354979,74,585661,577750,"The Gardens, Vaughan Road, West Harrow, Harrow, HA1 4EL"
252,10,Belleville Primary School,Wandsworth,137563,3 to 11,118,1006.0,28.0,Does not apply,False,153,51.7,19.45841392649903,False,78.81067961165049,77.0,29.0,110.0,108.0,110.0,109.33333333333333,SW11 6PR,51.456887,-0.164673,237,1662016,1650000,"Belleville Road, Battersea, London, SW11 6PR"
253,4,Leigh Stationers' Primary Academy,Bexley,142586,3 to 11,30,229.0,3.0,Does not apply,False,154,9.1,25.164835164835164,False,78.79854368932038,87.0,17.0,109.0,108.0,111.0,109.33333333333333,DA16 2ST,51.464013,0.084173,27,460343,435000,"Eastcote Road, Welling, DA16 2ST"
254,11,Parish Church of England Primary School,Bromley,139984,4 to 11,88,584.0,9.0,Church of England,True,,27.77,21.029888368743247,False,78.7864077669903,80.0,31.0,109.0,108.0,110.0,109.0,BR1 4HF,51.415104,0.013981,105,503404,500000,"London Lane, Bromley, BR1 4HF"
255,8,William Tyndale Primary School,Islington,137566,3 to 11,59,447.0,31.0,Does not apply,False,155,19.5,22.923076923076923,False,78.7864077669903,83.0,19.0,110.0,108.0,110.0,109.33333333333333,N1 2GG,51.54253,-0.101163,134,1988637,1837500,"Upper Street, London, N1 2GG"
256,8,Wolfson Hillel Primary School,Enfield,146663,3 to 11,58,465.0,2.0,Jewish,True,,26.22,17.73455377574371,False,78.7864077669903,88.0,10.0,110.0,109.0,112.0,110.33333333333333,N14 4LG,51.639852,-0.12839,36,646110,622250,"154 Chase Road, Southgate, London, N14 4LG"
257,11,St John Vianney RC Primary School,Haringey,102152,3 to 11,26,231.0,42.0,Roman Catholic,True,,11.42,20.2276707530648,False,78.71966019417475,77.0,27.0,109.0,109.0,110.0,109.33333333333333,N15 3HD,51.585672,-0.096999,238,772798,775000,"Stanley Road, Tottenham, London, N15 3HD"
258,21,St Mary's CofE Primary School,Barnet,101323,3 to 11,56,434.0,16.0,Church of England,True,,22.6,19.20353982300885,False,78.70752427184466,82.0,25.0,109.0,109.0,109.0,109.0,N3 1BT,51.603604,-0.200222,20,843972,803750,"Dollis Park, Finchley, London, N3 1BT"
259,9,New End Primary School,Camden,100019,3 to 11,46,320.0,22.0,Does not apply,False,156,16.2,19.75308641975309,False,78.66504854368932,83.0,15.0,110.0,109.0,110.0,109.66666666666667,NW3 1HU,51.55814,-0.176512,50,3094365,2772500,"Streatley Place, Hampstead, London, NW3 1HU"
260,16,St Mary's Church of England Primary School,Richmond upon Thames,102914,4 to 11,89,607.0,8.0,Church of England,True,,25.7,23.618677042801558,False,78.56796116504854,89.0,11.0,111.0,109.0,110.0,110.0,TW1 3HE,51.449599,-0.327308,109,1049511,990000,"Amyand Park Road, Twickenham, TW1 3HE"
261,10,St Joseph's RC Primary School,Westminster,149488,3 to 11,23,259.0,30.0,Roman Catholic,True,,11.8,21.94915254237288,False,78.5618932038835,78.0,17.0,110.0,108.0,113.0,110.33333333333333,W9 1DF,51.52742,-0.182209,42,3525120,2432500,"Lanark Road, Maida Vale, London, W9 1DF"
262,5,St Joseph's Catholic Primary School,Bexley,101457,4 to 11,32,212.0,16.0,Roman Catholic,True,,9.35,22.673796791443852,False,78.50121359223301,84.0,25.0,109.0,107.0,111.0,109.0,DA1 4DZ,51.453956,0.172036,55,377416,385000,"Old Road, Crayford, Dartford, DA1 4DZ"
263,8,Jubilee Primary School,Lambeth,133662,3 to 11,29,307.0,59.0,Does not apply,False,157,17.1,17.953216374269005,False,78.30703883495146,79.0,24.0,110.0,110.0,108.0,109.33333333333333,SW2 2JE,51.452412,-0.113858,115,962465,927500,"Tulse Hill, London, SW2 2JE"
264,9,St Mary's Catholic Primary School,Greenwich,144091,3 to 11,60,453.0,12.0,Roman Catholic,True,,17.4,26.03448275862069,False,78.25242718446603,83.0,32.0,109.0,108.0,109.0,108.66666666666667,SE9 1UF,51.453534,0.063991,63,689173,600000,"Glenure Road, Eltham, London, SE9 1UF"
265,8,Stanburn Primary School,Harrow,102214,3 to 11,102,676.0,23.0,Does not apply,False,158,33.0,20.484848484848484,False,78.22815533980582,88.0,8.0,109.0,111.0,113.0,111.0,HA7 2PJ,51.60789,-0.308902,21,624690,608000,"Abercorn Road, Stanmore, HA7 2PJ"
266,9,Henry Cavendish Primary School,Lambeth,100567,3 to 11,104,832.0,32.0,Does not apply,False,159,39.45,21.089987325728767,False,78.21601941747572,77.0,25.0,109.0,109.0,110.0,109.33333333333333,SW12 0JA,51.444744,-0.142782,176,1108099,1100000,"Hydethorpe Road, London, SW12 0JA"
267,5,St Peter's London Docks CofE Primary School,Tower Hamlets,100960,3 to 11,24,232.0,42.0,Church of England,True,,12.4,18.70967741935484,False,78.20388349514563,83.0,21.0,109.0,111.0,108.0,109.33333333333333,E1W 3QT,51.50764,-0.055204,32,843783,840000,"Garnet Street, ., London, E1W 3QT"
268,16,Woodford Green Primary School,Waltham Forest,146681,2 to 11,28,229.0,25.0,Does not apply,False,160,10.8,21.203703703703702,False,78.18567961165049,93.0,21.0,108.0,108.0,110.0,108.66666666666667,IG8 0ST,51.612315,0.021889,25,680640,575000,"Sunset Avenue, Woodford Green, IG8 0ST"
269,19,Earlham Primary School,Newham,145088,3 to 11,56,464.0,55.0,Does not apply,False,161,19.87,23.351786612984398,False,78.17961165048544,84.0,18.0,107.0,110.0,112.0,109.66666666666667,E7 9AW,51.547112,0.016517,176,562510,550000,"Earlham Grove, Forest Gate, London, E7 9AW"
270,10,Sherington Primary School,Greenwich,100141,3 to 11,57,435.0,26.0,Does not apply,False,162,16.0,27.1875,False,78.14320388349515,84.0,21.0,109.0,108.0,110.0,109.0,SE7 7JP,51.480092,0.025713,133,720555,695000,"Wyndcliff Road, Charlton, Wyndcliff Road, London, SE7 7JP"
271,7,Christ the Saviour Church of England Primary School,Ealing,136445,3 to 11,117,899.0,20.0,Church of England,True,,39.86,22.553938785750127,False,78.11893203883496,82.0,24.0,110.0,108.0,109.0,109.0,W5 2AA,51.514118,-0.304595,32,994295,865000,"1 Springbridge Road, Ealing Broadway, Ealing, London, W5 2AA"
272,17,Whittingham Primary Academy,Waltham Forest,139317,3 to 11,50,363.0,32.0,Does not apply,False,163,15.4,23.57142857142857,False,78.04611650485437,82.0,26.0,108.0,110.0,109.0,109.0,E17 5QX,51.598457,-0.0353,150,606513,601750,"Higham Hill Road, Walthamstow, London, E17 5QX"
273,11,"Christ Church Church of England Primary School, Shooters Hill",Greenwich,100166,5 to 11,30,208.0,20.0,Church of England,True,,8.7,23.908045977011497,False,78.00970873786409,73.0,20.0,112.0,109.0,110.0,110.33333333333333,SE18 3RS,51.469838,0.060897,69,490256,477500,"Shooters Hill, London, SE18 3RS"
274,11,John Burns Primary School,Wandsworth,101014,3 to 11,21,165.0,71.0,Does not apply,False,164,11.0,15.0,True,77.99150485436893,90.0,14.0,110.0,108.0,110.0,109.33333333333333,SW11 5QR,51.469506,-0.152763,239,1079980,965000,"Wycliffe Road, Lavender Hill, London, SW11 5QR"
275,4,Warren Junior School,Barking and Dagenham,101219,7 to 11,136,559.0,26.0,Does not apply,False,165,24.2,23.09917355371901,False,77.99150485436893,79.0,13.0,109.0,110.0,113.0,110.66666666666667,RM6 6DA,51.5751,0.142694,87,450879,460000,"Gordon Road, Chadwell Heath, Romford, RM6 6DA"
276,6,Gonville Academy,Croydon,136714,3 to 11,60,442.0,35.0,Does not apply,False,166,20.6,21.45631067961165,False,77.9368932038835,80.0,18.0,108.0,110.0,111.0,109.66666666666667,CR7 6DL,51.394355,-0.121724,150,432648,432500,"Gonville Road, Thornton Heath, CR7 6DL"
277,22,Sacred Heart Roman Catholic Primary School,Barnet,101338,4 to 11,60,403.0,15.0,Roman Catholic,True,,18.02,22.364039955604884,False,77.85194174757282,83.0,22.0,108.0,109.0,110.0,109.0,N20 9JU,51.630089,-0.163817,39,696800,660000,"2 Oakleigh Park South, Whetstone, London, N20 9JU"
278,6,Orchard Primary School,Hackney,100234,3 to 11,75,531.0,47.0,Does not apply,False,167,33.0,16.09090909090909,False,77.82160194174757,87.0,23.0,109.0,109.0,108.0,108.66666666666667,E9 7BB,51.540846,-0.049029,73,1143471,1080000,"Holcroft Road, Hackney, London, E9 7BB"
279,7,The Rosary Catholic Primary School,Hounslow,135261,3 to 11,53,387.0,23.0,Roman Catholic,True,,17.71,21.852060982495765,False,77.7366504854369,85.0,11.0,108.0,111.0,114.0,111.0,TW5 0RL,51.487475,-0.372706,21,580190,520000,"10 The Green, Heston, Hounslow, TW5 0RL"
280,12,St Patrick's Catholic Primary School,Greenwich,100173,3 to 11,50,336.0,30.0,Roman Catholic,True,,16.2,20.74074074074074,False,77.60922330097088,88.0,24.0,107.0,109.0,110.0,108.66666666666667,SE18 7QG,51.488479,0.08539,178,408724,401500,"St Patrick's Catholic Primary School,Griffin Road, Plumstead, London, SE18 7QG"
281,10,Streatham Wells Primary,Lambeth,149556,3 to 11,30,234.0,40.0,Does not apply,False,168,10.6,22.07547169811321,False,77.60315533980582,93.0,17.0,111.0,108.0,108.0,109.0,SW2 3NJ,51.440221,-0.116317,93,802413,800000,"50 Palace Road, London, SW2 3NJ"
282,10,Kingsgate Primary School,Camden,132245,3 to 11,72,594.0,68.0,Does not apply,False,169,32.9,18.054711246200608,False,77.58495145631068,88.0,24.0,108.0,110.0,108.0,108.66666666666667,NW6 4LB,51.543471,-0.196741,112,1358255,1270000,"Kingsgate Road, London, NW6 4LB"
283,9,Langford Primary School,Hammersmith and Fulham,141685,3 to 11,30,338.0,43.0,Does not apply,False,170,18.6,18.172043010752688,False,77.57888349514563,90.0,20.0,109.0,108.0,109.0,108.66666666666667,SW6 2LG,51.472219,-0.188911,175,2186465,1875000,"Gilstead Road, Fulham, London, SW6 2LG"
284,2,Turnham Academy,Lewisham,146100,3 to 11,25,171.0,48.0,None,False,171,11.2,15.267857142857144,False,77.42718446601941,88.0,24.0,106.0,111.0,110.0,109.0,SE4 2HH,51.459809,-0.042901,157,872699,850000,"Turnham Road, Brockley, London, SE4 2HH"
285,13,Kidbrooke Park Primary School,Greenwich,149683,3 to 11,60,440.0,45.0,Does not apply,False,172,24.02,18.318068276436303,False,77.39077669902913,75.0,18.0,109.0,110.0,111.0,110.0,SE3 8JG,51.470379,0.042332,78,463005,440000,"202a Holburne Road, London, SE3 8JG"
286,12,Tetherdown Primary School,Haringey,102098,4 to 11,60,392.0,7.0,Does not apply,False,173,18.12,21.63355408388521,False,77.33616504854369,73.0,17.0,111.0,109.0,111.0,110.33333333333333,N10 3BP,51.588279,-0.150389,70,1577971,1568000,"Grand Avenue, London, N10 3BP"
287,11,Christchurch Primary School,Redbridge,131847,3 to 11,142,1117.0,18.0,Does not apply,False,174,45.67,24.45806875410554,False,77.3118932038835,79.0,14.0,108.0,112.0,112.0,110.66666666666667,IG1 4LQ,51.56469,0.076481,80,507378,507500,"Wellesley Road, Ilford, IG1 4LQ"
288,6,Christ Church CofE School,Tower Hamlets,100944,3 to 11,17,153.0,35.0,Church of England,True,,10.0,15.3,False,77.28155339805825,71.0,35.0,114.0,107.0,111.0,110.66666666666667,E1 6PU,51.518305,-0.071499,27,1133296,850000,"47a Brick Lane, Spitalfields, London, E1 6PU"
289,9,St Paul's CofE Primary School,Enfield,102035,4 to 11,57,420.0,9.0,Church of England,True,,18.26,23.001095290251914,False,77.251213592233,77.0,32.0,109.0,108.0,110.0,109.0,N21 2RA,51.634597,-0.099633,56,699490,715000,"Ringwood Way, Winchmore Hill, London, N21 2RA"
290,12,Aldborough Primary School,Redbridge,136934,4 to 11,51,365.0,41.0,Does not apply,False,175,19.8,18.434343434343432,False,77.22087378640776,90.0,16.0,108.0,109.0,110.0,109.0,IG3 8HZ,51.57038,0.095312,112,526415,525000,"231 Aldborough Road South, Seven Kings, Ilford, IG3 8HZ"
291,10,All Saints CofE Primary School,Hammersmith and Fulham,100344,3 to 11,30,213.0,23.0,Church of England,True,,9.4,22.659574468085104,False,77.20873786407768,80.0,13.0,110.0,109.0,111.0,110.0,SW6 6ED,51.472859,-0.21361,198,1794213,1650000,"Bishops Avenue, Fulham, London, SW6 6ED"
292,4,Bourne Primary School,Hillingdon,102368,3 to 11,29,220.0,28.0,Does not apply,False,176,10.0,22.0,False,77.18446601941747,83.0,21.0,109.0,110.0,108.0,109.0,HA4 6UJ,51.553339,-0.394489,6,519667,530000,"Cedar Avenue, Ruislip, HA4 6UJ"
293,8,Dairy Meadow Primary School,Ealing,101894,3 to 11,55,401.0,44.0,Does not apply,False,177,18.0,22.27777777777778,False,77.12378640776699,82.0,18.0,108.0,110.0,110.0,109.33333333333333,UB2 4RP,51.50195,-0.373141,49,546551,463000,"Swift Road, Dairy Meadow Primary School, Southall, UB2 4RP"
294,8,Aragon Primary School,Merton,144838,3 to 11,79,623.0,32.0,Does not apply,False,178,25.2,24.72222222222222,False,77.00849514563107,85.0,15.0,109.0,110.0,109.0,109.33333333333333,SM4 4QU,51.389182,-0.221355,116,536794,532500,"Aragon Primary School, Aragon Road, Morden, SM4 4QU"
295,7,Rockmount Primary School,Croydon,101783,3 to 11,57,449.0,33.0,Does not apply,False,179,21.31,21.069920225246364,False,76.97208737864078,82.0,18.0,111.0,108.0,109.0,109.33333333333333,SE19 3ST,51.419396,-0.089803,71,671276,645000,"Chevening Road, Upper Norwood, London, SE19 3ST"
296,23,Christ Church Primary School,Barnet,101316,3 to 11,30,214.0,7.0,Church of England,True,,10.6,20.18867924528302,False,76.89927184466019,77.0,30.0,109.0,108.0,110.0,109.0,EN5 4NS,51.657769,-0.213475,36,648917,662500,"Byng Road, Christ Church Primary School, Barnet, EN5 4NS"
297,5,Hacton Primary School,Havering,146136,3 to 11,86,635.0,13.0,Does not apply,False,180,34.89,18.20005732301519,False,76.89320388349515,83.0,26.0,108.0,109.0,109.0,108.66666666666667,RM12 6AU,51.553699,0.225688,18,481972,479000,"Chepstow Avenue, Hornchurch, RM12 6AU"
298,24,Sunnyfields Primary School,Barnet,101311,3 to 11,30,253.0,43.0,Does not apply,False,181,12.14,20.840197693574957,False,76.76577669902913,80.0,17.0,108.0,109.0,112.0,109.66666666666667,NW4 4JH,51.59153,-0.232315,24,573421,557500,"Hatchcroft, Off Greyhound Hill, Hendon, London, NW4 4JH"
299,25,Chalgrove Primary School,Barnet,101309,4 to 11,28,216.0,14.0,Does not apply,False,182,14.5,14.89655172413793,True,76.75364077669903,86.0,7.0,110.0,110.0,112.0,110.66666666666667,N3 3PL,51.592511,-0.205742,22,817827,850000,"Chalgrove Gardens, Finchley, London, N3 3PL"
300,11,Miles Coverdale Primary School,Hammersmith and Fulham,100326,3 to 11,30,225.0,50.0,Does not apply,False,183,12.33,18.248175182481752,False,76.6747572815534,73.0,37.0,108.0,109.0,111.0,109.33333333333333,W12 8JJ,51.504863,-0.22903,157,1338735,1300000,"Coverdale Road, Shepherds Bush, Coverdale Road, London, W12 8JJ"
